"mirna_id","padj"
"hsa-mir-372, mature,MIMAT0000724",6.73092733951699e-23
"hsa-mir-371a, mature,MIMAT0000723",2.69207146938225e-22
"hsa-mir-373, mature,MIMAT0000726",6.25209902582717e-22
"hsa-mir-373, mature,MIMAT0000725",3.67569244794703e-19
"hsa-mir-372, mature,MIMAT0026484",2.54037042326454e-17
"hsa-mir-371a, mature,MIMAT0004687",8.46117261548081e-15
"hsa-mir-143, mature,MIMAT0000435",2.70089239133945e-14
"hsa-mir-96, mature,MIMAT0000095",1.84678700510826e-13
"hsa-mir-28, mature,MIMAT0000085",2.88860796800125e-13
"hsa-mir-143, mature,MIMAT0004599",8.90544152823806e-13
"hsa-mir-302d, mature,MIMAT0000718",1.44478467993034e-12
"hsa-mir-145, mature,MIMAT0000437",2.36610823538484e-12
"hsa-mir-302b, mature,MIMAT0000714",2.36610823538484e-12
"hsa-mir-106b, precursor",2.63304801139739e-12
"hsa-mir-92a-1, mature,MIMAT0004507",2.63304801139739e-12
"hsa-mir-520f, mature,MIMAT0002830",3.77701452142796e-12
"hsa-mir-28, mature,MIMAT0004502",1.34923252834502e-11
"hsa-mir-302b, mature,MIMAT0000715",1.34923252834502e-11
"hsa-mir-520g, mature,MIMAT0002858",4.40991462425178e-11
"hsa-mir-520a, mature,MIMAT0002833",5.033393567693e-11
"hsa-mir-19b-1, mature,MIMAT0004491",7.86915964708528e-11
"hsa-mir-520c, mature,MIMAT0002846",1.04657268584006e-10
"hsa-mir-520b, mature,MIMAT0002843",1.08934034964053e-10
"hsa-mir-515-1, mature,MIMAT0002827",1.18660949755088e-10
"hsa-mir-629, mature,MIMAT0003298",1.18660949755088e-10
"hsa-mir-519d, mature,MIMAT0002853",1.27044450021945e-10
"hsa-mir-182, mature,MIMAT0000259",1.28354790178537e-10
"hsa-mir-512-1, mature,MIMAT0002823",1.28354790178537e-10
"hsa-mir-769, precursor",1.47354229966223e-10
"hsa-mir-520h, mature,MIMAT0002867",1.6566315823544e-10
"hsa-mir-520e, mature,MIMAT0002825",2.51059993797281e-10
"hsa-mir-145, mature,MIMAT0004601",2.66234733933843e-10
"hsa-mir-518c, mature,MIMAT0002847",2.66234733933843e-10
"hsa-mir-517a, mature,MIMAT0002852",2.7377722705304e-10
"hsa-mir-517b, mature,MIMAT0002857",2.7377722705304e-10
"hsa-mir-512-2, mature,MIMAT0002823",2.85622446508354e-10
"hsa-mir-302a, mature,MIMAT0000684",3.53508487482639e-10
"hsa-mir-523, mature,MIMAT0002840",4.14504598998834e-10
"hsa-mir-518f, mature,MIMAT0002841",4.23007742374421e-10
"hsa-mir-520b, unannotated",4.77736863113915e-10
"hsa-mir-519c, mature,MIMAT0002832",5.44972977669552e-10
"hsa-mir-515-1, mature,MIMAT0002826",6.41900121561945e-10
"hsa-mir-526b, mature,MIMAT0002835",7.71885405339455e-10
"hsa-mir-524, mature,MIMAT0002849",8.15570990474917e-10
"hsa-mir-18a, mature,MIMAT0002891",8.62558084426415e-10
"hsa-mir-518f, mature,MIMAT0002842",8.88596282539877e-10
"hsa-mir-25, mature,MIMAT0004498",1.48302719549753e-09
"hsa-mir-519b, mature,MIMAT0002837",1.62064756747749e-09
"hsa-mir-512-1, mature,MIMAT0002822",1.70615921145619e-09
"hsa-mir-520a, mature,MIMAT0002834",1.70615921145619e-09
"hsa-mir-518a-1, precursor",2.30178294295232e-09
"hsa-mir-527, precursor",2.30178294295232e-09
"hsa-mir-525, precursor",2.30915642297501e-09
"hsa-mir-518b, unannotated",2.32655508176117e-09
"hsa-mir-512-2, mature,MIMAT0002822",2.6684110440798e-09
"hsa-mir-20a, mature,MIMAT0000075",2.8084066742588e-09
"hsa-mir-23b, mature,MIMAT0000418",2.8194845485679e-09
"hsa-mir-7-1, precursor",2.84057920128352e-09
"hsa-mir-515-2, mature,MIMAT0002826",3.36230213642072e-09
"hsa-mir-519a-2, unannotated",3.75227218213113e-09
"hsa-mir-942, mature,MIMAT0004985",4.15872940820355e-09
"hsa-mir-518c, mature,MIMAT0002848",5.22865235065829e-09
"hsa-mir-519e, mature,MIMAT0002829",5.93009602480924e-09
"hsa-mir-517a, mature,MIMAT0002851",6.12905453096808e-09
"hsa-mir-517b, mature,MIMAT0002851",6.12905453096808e-09
"hsa-mir-517c, mature,MIMAT0002851",6.12905453096808e-09
"hsa-mir-518b, mature,MIMAT0002844",7.21458563025609e-09
"hsa-mir-515-2, mature,MIMAT0002827",7.68723450744967e-09
"hsa-mir-1323, mature,MIMAT0005795",8.32623102908001e-09
"hsa-mir-520f, precursor",8.72959087064788e-09
"hsa-mir-520g, mature,MIMAT0026611",8.72959087064788e-09
"hsa-mir-520h, unannotated",8.72959087064788e-09
"hsa-mir-103a-2, precursor",8.82341283549949e-09
"hsa-mir-367, mature,MIMAT0000719",8.82341283549949e-09
"hsa-mir-302d, mature,MIMAT0004685",9.12902426552774e-09
"hsa-mir-518e, mature,MIMAT0002861",1.00407965453867e-08
"hsa-mir-518a-2, mature,MIMAT0005457",1.11407611600087e-08
"hsa-mir-527, mature,MIMAT0002862",1.1660471970391e-08
"hsa-mir-525, mature,MIMAT0002838",1.20228815647621e-08
"hsa-mir-302a, mature,MIMAT0000683",1.29370372583114e-08
"hsa-mir-373, stemloop",1.29370372583114e-08
"hsa-mir-520c, precursor",1.35087712077067e-08
"hsa-mir-524, mature,MIMAT0002850",1.55568073780162e-08
"hsa-mir-518a-1, mature,MIMAT0002863",1.61895087289102e-08
"hsa-mir-519c, precursor",1.64069948236031e-08
"hsa-mir-182, mature,MIMAT0000260",1.6785129212196e-08
"hsa-mir-498, mature,MIMAT0002824",2.78374729745339e-08
"hsa-mir-516a-1, precursor",4.0174340538359e-08
"hsa-mir-518e, precursor",4.06173598821839e-08
"hsa-mir-27b, mature,MIMAT0000419",6.51226271981345e-08
"hsa-mir-518a-2, mature,MIMAT0002863",6.51226271981345e-08
"hsa-mir-519a-1, mature,MIMAT0005452",6.51226271981345e-08
"hsa-mir-7702, mature,MIMAT0030017",6.51226271981345e-08
"hsa-mir-92a-2, mature,MIMAT0000092",6.90894785536902e-08
"hsa-mir-96, mature,MIMAT0004510",9.01714305107015e-08
"hsa-mir-526b, mature,MIMAT0002836",9.12238444454859e-08
"hsa-mir-4661, mature,MIMAT0019729",9.16722374079096e-08
"hsa-mir-518a-2, precursor",9.50749378192277e-08
"hsa-mir-942, mature,MIMAT0026734",1.11969990903748e-07
"hsa-mir-525, mature,MIMAT0002839",1.32836264172084e-07
"hsa-mir-519a-2, mature,MIMAT0002869",1.42881360069598e-07
"hsa-mir-522, precursor",1.66936401837798e-07
"hsa-mir-520a, precursor",1.68817039190366e-07
"hsa-mir-520d, mature,MIMAT0002856",1.68817039190366e-07
"hsa-mir-519a-1, mature,MIMAT0002869",2.49765947417485e-07
"hsa-mir-183, mature,MIMAT0004560",2.58171820730206e-07
"hsa-mir-519d, mature,MIMAT0026610",2.58171820730206e-07
"hsa-mir-7-1, mature,MIMAT0004553",2.58171820730206e-07
"hsa-mir-92a-1, mature,MIMAT0000092",2.58210612680284e-07
"hsa-mir-625, mature,MIMAT0004808",3.21956427597838e-07
"hsa-mir-584, mature,MIMAT0022708",3.41755213050284e-07
"hsa-mir-498, unannotated",3.43544608774915e-07
"hsa-mir-516b-1, mature,MIMAT0002859",3.43608835769972e-07
"hsa-mir-371a, precursor",3.82938876178392e-07
"hsa-mir-128-1, precursor",4.08594284898223e-07
"hsa-mir-521-1, unannotated",4.20568113224741e-07
"hsa-mir-548f-1, mature,MIMAT0005895",4.20568113224741e-07
"hsa-mir-1-2, mature,MIMAT0000416",4.21112531763035e-07
"hsa-mir-516a-2, precursor",4.21112531763035e-07
"hsa-mir-516b-2, mature,MIMAT0002859",4.68342827608578e-07
"hsa-mir-19a, mature,MIMAT0000073",4.83701579932884e-07
"hsa-mir-519e, mature,MIMAT0002828",5.13622508703309e-07
"hsa-mir-183, mature,MIMAT0000261",5.67627653126786e-07
"hsa-mir-520d, mature,MIMAT0002855",6.03158960740282e-07
"hsa-mir-517c, mature,MIMAT0002866",6.38528968092393e-07
"hsa-mir-516a-1, mature,MIMAT0004770",6.56810724430255e-07
"hsa-mir-518a-1, mature,MIMAT0005457",7.25564181280104e-07
"hsa-mir-135b, mature,MIMAT0004698",7.6464676197883e-07
"hsa-mir-3662, mature,MIMAT0018083",7.95669085596e-07
"hsa-mir-1-1, mature,MIMAT0000416",8.25256447418086e-07
"hsa-mir-522, mature,MIMAT0002868",9.14016104912741e-07
"hsa-mir-105-2, mature,MIMAT0004516",9.14016104912741e-07
"hsa-mir-516a-2, mature,MIMAT0004770",9.45021742260061e-07
"hsa-mir-519a-1, precursor",9.78362909795907e-07
"hsa-mir-302c, mature,MIMAT0000717",1.04431915629549e-06
"hsa-mir-32, precursor",1.24308720067655e-06
"hsa-mir-7974, mature,MIMAT0031177",1.24308720067655e-06
"hsa-mir-105-1, mature,MIMAT0004516",1.24308720067655e-06
"hsa-mir-642a, mature,MIMAT0003312",1.27664569796475e-06
"hsa-let-7f-2, precursor",1.36091776700926e-06
"hsa-mir-373, precursor",1.53705549671806e-06
"hsa-mir-18a, mature,MIMAT0000072",1.54615735618901e-06
"hsa-mir-130a, mature,MIMAT0004593",1.57817281649395e-06
"hsa-mir-1283-2, mature,MIMAT0005799",1.61776060013033e-06
"hsa-mir-526b, precursor",1.88368963440163e-06
"hsa-mir-518d, mature,MIMAT0002864",2.5782006310225e-06
"hsa-mir-4652, mature,MIMAT0019716",2.73215701706968e-06
"hsa-mir-30d, precursor",2.80761677324716e-06
"hsa-mir-16-2, mature,MIMAT0004518",3.21307150440229e-06
"hsa-mir-548j, mature,MIMAT0005875",3.21307150440229e-06
"hsa-mir-629, mature,MIMAT0004810",3.21307150440229e-06
"hsa-mir-520d, precursor",4.21196185321919e-06
"hsa-mir-24-1, mature,MIMAT0000079",4.29292717492443e-06
"hsa-mir-1283-2, precursor",4.4371033866638e-06
"hsa-mir-30d, mature,MIMAT0000245",4.68054504596088e-06
"hsa-mir-372, precursor",5.10688970355443e-06
"hsa-mir-3607, mature,MIMAT0017985",5.29087296311025e-06
"hsa-mir-671, precursor",5.29087296311025e-06
"hsa-mir-524, precursor",5.44124932228743e-06
"hsa-mir-25, precursor",6.25218935739354e-06
"hsa-mir-498, precursor",6.65857726550651e-06
"hsa-mir-523, precursor",7.19269152268666e-06
"hsa-mir-302a, precursor",7.6073402139741e-06
"hsa-mir-3614, mature,MIMAT0017992",7.6073402139741e-06
"hsa-mir-625, mature,MIMAT0003294",8.74767673507487e-06
"hsa-mir-767, mature,MIMAT0003883",8.94770764662168e-06
"hsa-mir-518c, precursor",9.34113930301343e-06
"hsa-mir-520f, mature,MIMAT0026609",9.96081970573829e-06
"hsa-mir-203a, mature,MIMAT0000264",1.00572641094409e-05
"hsa-mir-521-2, unannotated",1.00572641094409e-05
"hsa-mir-367, mature,MIMAT0004686",1.07317186649359e-05
"hsa-mir-548x, mature,MIMAT0015081",1.0924123304009e-05
"hsa-mir-5708, mature,MIMAT0022502",1.14583938372605e-05
"hsa-mir-98, precursor",1.20568537013349e-05
"hsa-mir-32, mature,MIMAT0004505",1.20821145332477e-05
"hsa-mir-142, mature,MIMAT0000434",1.30592549057244e-05
"hsa-mir-19b-2, mature,MIMAT0000074",1.32227367690982e-05
"hsa-mir-2113, mature,MIMAT0009206",1.32528820149019e-05
"hsa-mir-520e, unannotated",1.32528820149019e-05
"hsa-mir-19b-1, mature,MIMAT0000074",1.52377317734496e-05
"hsa-mir-30a, mature,MIMAT0000087",1.52444904221195e-05
"hsa-mir-1283-1, mature,MIMAT0005799",1.59795640287762e-05
"hsa-mir-20a, precursor",1.60546072220109e-05
"hsa-mir-302c, mature,MIMAT0000716",1.61262980779173e-05
"hsa-mir-505, precursor",1.69998803397432e-05
"hsa-mir-526a-1, unannotated",1.78618545480949e-05
"hsa-mir-19a, precursor",1.85196087239392e-05
"hsa-mir-19b-1, precursor",1.85196087239392e-05
"hsa-mir-142, mature,MIMAT0000433",1.89717860298131e-05
"hsa-mir-302d, precursor",1.90584190344371e-05
"hsa-mir-517a, precursor",1.9231868495762e-05
"hsa-mir-518f, precursor",1.9231868495762e-05
"hsa-mir-187, mature,MIMAT0000262",1.93519429046857e-05
"hsa-mir-527, unannotated",2.07863761340651e-05
"hsa-mir-517c, precursor",2.23563304893133e-05
"hsa-mir-5680, mature,MIMAT0022468",2.8572380293859e-05
"hsa-mir-521-1, mature,MIMAT0002854",3.25899259530611e-05
"hsa-mir-607, unannotated",3.28535866250746e-05
"hsa-mir-125b-2, mature,MIMAT0004603",3.368284462923e-05
"hsa-mir-142, precursor",3.73715154144011e-05
"hsa-mir-573, mature,MIMAT0003238",3.80741451142836e-05
"hsa-mir-190a, precursor",3.95439772990402e-05
"hsa-mir-146a, mature,MIMAT0000449",4.03741353116232e-05
"hsa-mir-1291, unannotated",4.72087410644242e-05
"hsa-mir-330, mature,MIMAT0004693",4.82728671209445e-05
"hsa-let-7e, mature,MIMAT0000066",4.83651393666305e-05
"hsa-mir-3660, mature,MIMAT0018081",4.83651393666305e-05
"hsa-mir-521-2, mature,MIMAT0002854",4.86873583738649e-05
"hsa-mir-3922, mature,MIMAT0018197",4.89240645460362e-05
"hsa-mir-99a, mature,MIMAT0000097",4.89240645460362e-05
"hsa-mir-152, mature,MIMAT0000438",5.31549260235383e-05
"hsa-mir-590, mature,MIMAT0004801",5.63641711160256e-05
"hsa-mir-6511b-2, mature,MIMAT0025848",5.699820176661e-05
"hsa-mir-141, mature,MIMAT0004598",5.73501972133589e-05
"hsa-mir-516b-1, precursor",6.45007491748197e-05
"hsa-mir-1293, unannotated",6.75652488239862e-05
"hsa-mir-493, precursor",6.76807687682021e-05
"hsa-mir-23a, precursor",7.18139185768702e-05
"hsa-mir-3191, mature,MIMAT0015075",7.46892308844481e-05
"hsa-mir-105-2, mature,MIMAT0000102",7.63923648841431e-05
"hsa-mir-105-1, mature,MIMAT0000102",8.37103704587695e-05
"hsa-mir-4517, mature,MIMAT0019054",8.73466995644582e-05
"hsa-mir-5008, mature,MIMAT0021040",8.73466995644582e-05
"hsa-mir-431, precursor",8.73597933760412e-05
"hsa-mir-6715a, mature,MIMAT0025841",9.10053320602211e-05
"hsa-mir-6509, mature,MIMAT0025474",9.29864642135544e-05
"hsa-mir-197, precursor",9.33728360213894e-05
"hsa-mir-5706, mature,MIMAT0022500",9.46371466140184e-05
"hsa-mir-182, precursor",9.98192422133479e-05
"hsa-mir-767, mature,MIMAT0003882",0.000119421068506564
"hsa-mir-3150b, mature,MIMAT0018194",0.000123679047844101
"hsa-mir-574, mature,MIMAT0003239",0.000125306647516472
"hsa-mir-7705, mature,MIMAT0030020",0.00012582525921041
"hsa-mir-374a, mature,MIMAT0004688",0.000127868824584445
"hsa-mir-133a-2, mature,MIMAT0000427",0.000137606171597714
"hsa-mir-490, mature,MIMAT0002806",0.000153327005224601
"hsa-mir-4772, mature,MIMAT0019927",0.000154510133452935
"hsa-mir-4433a, mature,MIMAT0020956",0.000155754126448839
"hsa-mir-505, mature,MIMAT0002876",0.000167059300765384
"hsa-mir-125b-2, mature,MIMAT0000423",0.000176336138592561
"hsa-mir-20a, mature,MIMAT0004493",0.000181236041296356
"hsa-mir-3653, mature,MIMAT0032110",0.000181236041296356
"hsa-mir-125b-1, mature,MIMAT0000423",0.000181952538254763
"hsa-mir-548t, mature,MIMAT0015009",0.000190104452926304
"hsa-mir-371a, stemloop",0.000191140625329239
"hsa-let-7c, mature,MIMAT0000064",0.000194680582972418
"hsa-mir-3680-1, mature,MIMAT0018107",0.000195058065279642
"hsa-mir-20b, precursor",0.000214021986795277
"hsa-mir-135b, mature,MIMAT0000758",0.000214171314150937
"hsa-mir-374b, mature,MIMAT0004956",0.000214171314150937
"hsa-mir-3614, mature,MIMAT0017993",0.000224359954343744
"hsa-mir-3942, mature,MIMAT0018358",0.000237134565681991
"hsa-mir-29b-2, mature,MIMAT0000100",0.00023742423522391
"hsa-mir-4758, mature,MIMAT0019903",0.000239804576470493
"hsa-mir-30c-1, precursor",0.000254178440956015
"hsa-mir-320a, precursor",0.000256621344917859
"hsa-mir-17, mature,MIMAT0000070",0.000257456880360244
"hsa-mir-29b-1, mature,MIMAT0000100",0.000260719155541159
"hsa-mir-17, precursor",0.000297863930867723
"hsa-mir-4791, mature,MIMAT0019963",0.000297863930867723
"hsa-mir-155, mature,MIMAT0004658",0.000314707541436084
"hsa-mir-98, mature,MIMAT0000096",0.000314707541436084
"hsa-mir-6501, mature,MIMAT0025458",0.000326141491667488
"hsa-mir-152, mature,MIMAT0026479",0.000335658020941569
"hsa-mir-1323, unannotated",0.000362004940269398
"hsa-mir-185, mature,MIMAT0004611",0.000368761184099728
"hsa-mir-210, mature,MIMAT0026475",0.000370893384262676
"hsa-mir-582, mature,MIMAT0003247",0.000389278296668438
"hsa-mir-409, precursor",0.000391932619055366
"hsa-mir-6810, mature,MIMAT0027521",0.000393114266655832
"hsa-mir-550a-2, mature,MIMAT0003257",0.000420186080648021
"hsa-mir-3651, mature,MIMAT0018071",0.000435049244447541
"hsa-mir-9-2, precursor",0.000435049244447541
"hsa-mir-133a-1, mature,MIMAT0000427",0.000444871271220987
"hsa-mir-26b, precursor",0.000453995644753704
"hsa-mir-3174, mature,MIMAT0015051",0.000473560702448915
"hsa-mir-7-2, mature,MIMAT0000252",0.000482433281650328
"hsa-mir-3653, mature,MIMAT0018073",0.000484010915653785
"hsa-mir-193a, mature,MIMAT0004614",0.000523018474605371
"hsa-mir-30a, mature,MIMAT0000088",0.000523018474605371
"hsa-mir-4658, mature,MIMAT0019725",0.000523018474605371
"hsa-mir-3140, mature,MIMAT0015008",0.000542896095488901
"hsa-mir-324, mature,MIMAT0000761",0.000545103829227002
"hsa-mir-6715b, mature,MIMAT0025843",0.000564770517803998
"hsa-mir-3940, mature,MIMAT0019229",0.00058699959982901
"hsa-mir-550a-3, mature,MIMAT0003257",0.000588972471559393
"hsa-mir-3529, mature,MIMAT0019828",0.000621163857690401
"hsa-mir-100, mature,MIMAT0000098",0.000622289710773733
"hsa-mir-210, mature,MIMAT0000267",0.000622289710773733
"hsa-mir-643, unannotated",0.000636118251605625
"hsa-mir-6511b-1, mature,MIMAT0025848",0.000660950089077313
"hsa-mir-616, mature,MIMAT0003284",0.000685772452033026
"hsa-mir-4755, mature,MIMAT0019896",0.000694170742797993
"hsa-mir-326, unannotated",0.000725808385961945
"hsa-mir-590, precursor",0.000728254336709719
"hsa-mir-147b, unannotated",0.000770466361753352
"hsa-mir-3940, mature,MIMAT0018356",0.000783791948435404
"hsa-mir-7-1, mature,MIMAT0000252",0.000809143189590194
"hsa-mir-92a-1, precursor",0.000809143189590194
"hsa-mir-30c-1, mature,MIMAT0004674",0.00082940364814179
"hsa-mir-421, unannotated",0.000829850746113359
"hsa-mir-4522, mature,MIMAT0019060",0.000882315947354011
"hsa-mir-4797, mature,MIMAT0019973",0.000894054119384162
"hsa-mir-1287, mature,MIMAT0005878",0.00093226238080652
"hsa-mir-639, mature,MIMAT0003309",0.000938941444711305
"hsa-mir-580, mature,MIMAT0026617",0.000944412409577907
"hsa-mir-744, precursor",0.000967567564029097
"hsa-mir-550a-1, mature,MIMAT0003257",0.000981237189643838
"hsa-mir-2116, mature,MIMAT0011160",0.00106617015151494
"hsa-mir-92a-2, mature,MIMAT0004508",0.00108663896834602
"hsa-mir-30c-2, mature,MIMAT0004550",0.00110685813371511
"hsa-mir-367, precursor",0.00114623810105608
"hsa-mir-7-3, mature,MIMAT0000252",0.00115915194854261
"hsa-mir-542, mature,MIMAT0003389",0.00119015971167739
"hsa-mir-874, precursor",0.00120239072613348
"hsa-mir-539, precursor",0.00125245765124172
"hsa-mir-1293, mature,MIMAT0005883",0.00126916648150843
"hsa-mir-30e, stemloop",0.00127814159970309
"hsa-mir-4445, mature,MIMAT0018963",0.00127961555904139
"hsa-mir-32, mature,MIMAT0000090",0.0013040446129777
"hsa-mir-134, mature,MIMAT0026481",0.00137280249404824
"hsa-mir-378a, mature,MIMAT0000732",0.00141853402060472
"hsa-mir-655, precursor",0.00142799148985673
"hsa-mir-876, precursor",0.00143055036179131
"hsa-mir-548f-4, mature,MIMAT0005895",0.0014695967488111
"hsa-mir-887, precursor",0.0014695967488111
"hsa-mir-5687, unannotated",0.00149174102670549
"hsa-mir-526a-2, precursor",0.00149174102670549
"hsa-mir-100, mature,MIMAT0004512",0.00149437067320559
"hsa-mir-25, mature,MIMAT0000081",0.00155605404313083
"hsa-mir-767, precursor",0.00157482366440188
"hsa-mir-7156, mature,MIMAT0028222",0.00162046063857024
"hsa-mir-579, mature,MIMAT0026616",0.00162629399874584
"hsa-mir-6875, mature,MIMAT0027650",0.00162629399874584
"hsa-mir-191, precursor",0.00162970261018457
"hsa-mir-5008, mature,MIMAT0021039",0.00163731216766442
"hsa-mir-1270, mature,MIMAT0005924",0.00164309624735148
"hsa-mir-1283-2, unannotated",0.00169947063525419
"hsa-let-7e, mature,MIMAT0004485",0.00172638051610023
"hsa-mir-26a-2, precursor",0.00182169885966483
"hsa-mir-146b, mature,MIMAT0004766",0.00187131535300495
"hsa-mir-3652, mature,MIMAT0018072",0.00188056494506529
"hsa-mir-4449, mature,MIMAT0018968",0.00188056494506529
"hsa-mir-6834, mature,MIMAT0027568",0.00192891949695831
"hsa-mir-202, mature,MIMAT0002810",0.00195217620583847
"hsa-mir-454, precursor",0.00195217620583847
"hsa-mir-148b, mature,MIMAT0000759",0.00195813873945738
"hsa-mir-5094, mature,MIMAT0021086",0.00196811589708908
"hsa-mir-4762, mature,MIMAT0019910",0.0019854493961684
"hsa-mir-130a, precursor",0.00210287055036
"hsa-mir-411, precursor",0.00210287055036
"hsa-mir-197, mature,MIMAT0022691",0.00216847520604393
"hsa-mir-6851, mature,MIMAT0027603",0.00216991859694959
"hsa-mir-377, precursor",0.00220278004992947
"hsa-mir-181b-1, mature,MIMAT0000257",0.00227864673447569
"hsa-mir-3937, unannotated",0.00227864673447569
"hsa-mir-128-1, mature,MIMAT0026477",0.00228430960211094
"hsa-mir-323a, precursor",0.00228622836568475
"hsa-mir-125b-2, precursor",0.00230445823222178
"hsa-mir-3679, mature,MIMAT0018104",0.00234792179858038
"hsa-mir-590, mature,MIMAT0003258",0.00237399783404575
"hsa-mir-641, unannotated",0.0024053675936337
"hsa-mir-181b-2, mature,MIMAT0000257",0.00244989823429966
"hsa-mir-135b, precursor",0.00252487216940654
"hsa-mir-582, mature,MIMAT0004797",0.00252992773172243
"hsa-mir-3653, stemloop",0.00252992773172243
"hsa-mir-181a-1, mature,MIMAT0000256",0.00253542739620475
"hsa-mir-3194, mature,MIMAT0019218",0.00253542739620475
"hsa-mir-1976, mature,MIMAT0009451",0.0025503634065909
"hsa-mir-29b-1, mature,MIMAT0004514",0.0025503634065909
"hsa-mir-181a-2, mature,MIMAT0000256",0.00258375070988888
"hsa-mir-320c-1, mature,MIMAT0005793",0.00258375070988888
"hsa-mir-23b, mature,MIMAT0004587",0.0025992909379952
"hsa-mir-193b, precursor",0.00266154607230644
"hsa-mir-4741, mature,MIMAT0019871",0.00272208664770201
"hsa-mir-199a-1, mature,MIMAT0000232",0.00283336731435572
"hsa-mir-199a-2, mature,MIMAT0000232",0.00283571089724424
"hsa-mir-199b, mature,MIMAT0004563",0.00283571089724424
"hsa-mir-150, mature,MIMAT0000451",0.00284197464764725
"hsa-mir-3655, mature,MIMAT0018075",0.00295242132081712
"hsa-mir-342, precursor",0.00301621103501305
"hsa-mir-512-1, precursor",0.00303614585517943
"hsa-mir-579, mature,MIMAT0003244",0.00304548732001498
"hsa-mir-410, precursor",0.00308632713364343
"hsa-mir-3938, mature,MIMAT0018353",0.00309247396214107
"hsa-mir-3137, mature,MIMAT0015005",0.00316376186782669
"hsa-mir-744, mature,MIMAT0004945",0.00321430159284184
"hsa-mir-4683, mature,MIMAT0019768",0.00321430159284184
"hsa-mir-376a-1, precursor",0.0033531647102307
"hsa-mir-7846, mature,MIMAT0030421",0.00343268082916271
"hsa-mir-542, mature,MIMAT0003340",0.00368160398706134
"hsa-mir-487b, precursor",0.00368207648146372
"hsa-mir-1303, unannotated",0.00368207648146372
"hsa-let-7e, precursor",0.00370191137115348
"hsa-mir-651, mature,MIMAT0003321",0.00381136687309071
"hsa-mir-3688-2, mature,MIMAT0018116",0.00389071685583181
"hsa-mir-16-1, precursor",0.00389071737678174
"hsa-mir-548n, mature,MIMAT0005916",0.00389071737678174
"hsa-mir-4999, mature,MIMAT0021018",0.00398048008758565
"hsa-mir-302b, precursor",0.00403275396548691
"hsa-mir-4787, mature,MIMAT0019957",0.00411822362236632
"hsa-mir-548s, mature,MIMAT0014987",0.00417372768120898
"hsa-mir-136, precursor",0.00420442819418823
"hsa-mir-3130-2, mature,MIMAT0014994",0.00420442819418823
"hsa-mir-185, mature,MIMAT0000455",0.00424857184019455
"hsa-mir-450b, mature,MIMAT0004909",0.00425293516500936
"hsa-mir-7161, mature,MIMAT0028232",0.00441073068645783
"hsa-mir-495, precursor",0.00443403663193543
"hsa-mir-512-2, precursor",0.00443403663193543
"hsa-mir-6737, mature,MIMAT0027375",0.00443403663193543
"hsa-mir-514b, mature,MIMAT0015088",0.00460483230093821
"hsa-mir-509-1, mature,MIMAT0004779",0.00467781427936914
"hsa-mir-96, precursor",0.00467781427936914
"hsa-mir-6507, mature,MIMAT0025470",0.00470596027037623
"hsa-mir-3926-2, unannotated",0.0048110691402693
"hsa-mir-624, mature,MIMAT0003293",0.0048110691402693
"hsa-mir-4727, mature,MIMAT0019847",0.0048110691402693
"hsa-mir-551b, precursor",0.0048110691402693
"hsa-mir-4772, mature,MIMAT0019926",0.00491077837395552
"hsa-mir-485, precursor",0.00497014783917091
"hsa-mir-101-1, mature,MIMAT0004513",0.00500344538836412
"hsa-mir-550a-2, mature,MIMAT0004800",0.00500344538836412
"hsa-mir-379, precursor",0.00500344538836412
"hsa-mir-382, mature,MIMAT0022697",0.00503965302991766
"hsa-mir-3912, mature,MIMAT0027036",0.00506143660196354
"hsa-mir-337, mature,MIMAT0000754",0.00506812579631081
"hsa-mir-4433a, mature,MIMAT0018949",0.00517279782388496
"hsa-let-7a-3, mature,MIMAT0000062",0.00518287519974992
"hsa-mir-99a, mature,MIMAT0004511",0.00528605084143144
"hsa-let-7a-1, mature,MIMAT0000062",0.00548708479978198
"hsa-mir-548au, mature,MIMAT0022292",0.00548708479978198
"hsa-mir-19a, mature,MIMAT0004490",0.00549851455372476
"hsa-let-7a-2, mature,MIMAT0000062",0.00557357528661685
"hsa-mir-4780, mature,MIMAT0019939",0.0055799117057559
"hsa-mir-3130-1, mature,MIMAT0014995",0.0056456239893533
"hsa-mir-33b, mature,MIMAT0003301",0.00579652517810683
"hsa-mir-548o-2, mature,MIMAT0005919",0.00586469337963601
"hsa-mir-365b, mature,MIMAT0022834",0.00591027454892348
"hsa-mir-365a, mature,MIMAT0000710",0.00593734609909371
"hsa-mir-1277, mature,MIMAT0005933",0.005954235592766
"hsa-mir-664a, mature,MIMAT0005949",0.00613282517100921
"hsa-mir-296, precursor",0.0062050401537013
"hsa-mir-3652, unannotated",0.0062050401537013
"hsa-mir-382, mature,MIMAT0000737",0.0062050401537013
"hsa-mir-141, stemloop",0.0062050401537013
"hsa-mir-133a-2, mature,MIMAT0026478",0.00622264299747031
"hsa-mir-136, mature,MIMAT0004606",0.00622264299747031
"hsa-mir-450a-1, mature,MIMAT0001545",0.00622264299747031
"hsa-mir-6750, mature,MIMAT0027401",0.00622264299747031
"hsa-mir-509-3, mature,MIMAT0002881",0.00622613281214951
"hsa-mir-151a, precursor",0.00625188283786798
"hsa-let-7i, mature,MIMAT0000415",0.00627708227450692
"hsa-mir-548aq, mature,MIMAT0022263",0.00653385802223012
"hsa-mir-486-1, mature,MIMAT0004762",0.00661613394653726
"hsa-mir-5586, mature,MIMAT0022287",0.00664142958417288
"hsa-mir-16-2, mature,MIMAT0000069",0.00679630711153057
"hsa-mir-487a, precursor",0.00679630711153057
"hsa-mir-324, mature,MIMAT0000762",0.00681845459654244
"hsa-mir-361, precursor",0.00682314215677789
"hsa-mir-599, unannotated",0.00682314215677789
"hsa-mir-508, mature,MIMAT0002880",0.00683245748352711
"hsa-mir-509-1, mature,MIMAT0002881",0.00696361972470154
"hsa-mir-15b, mature,MIMAT0004586",0.00698642339554318
"hsa-mir-378a, mature,MIMAT0000731",0.00698642339554318
"hsa-mir-487b, mature,MIMAT0003180",0.0075130392839689
"hsa-mir-3130-2, mature,MIMAT0014995",0.00781655580249103
"hsa-mir-3944, mature,MIMAT0018360",0.00791422989681084
"hsa-mir-509-2, mature,MIMAT0002881",0.00827611206022416
"hsa-mir-1185-2, precursor",0.00828937386982182
"hsa-mir-146b, mature,MIMAT0002809",0.00840090683956445
"hsa-let-7a-2, mature,MIMAT0010195",0.0084232840269884
"hsa-mir-369, mature,MIMAT0001621",0.00844383989091164
"hsa-let-7d, mature,MIMAT0004484",0.00847964963076533
"hsa-let-7a-2, precursor",0.00856556760585345
"hsa-mir-3941, unannotated",0.00861442819640234
"hsa-mir-550a-1, mature,MIMAT0004800",0.00861861825497022
"hsa-mir-7641-1, mature,MIMAT0029782",0.00861861825497022
"hsa-mir-432, precursor",0.00863891615121158
"hsa-mir-328, mature,MIMAT0000752",0.0087074817035245
"hsa-mir-3607, mature,MIMAT0017984",0.0087074817035245
"hsa-mir-5699, mature,MIMAT0022492",0.0087074817035245
"hsa-mir-16-1, mature,MIMAT0000069",0.00876499378969393
"hsa-mir-323b, precursor",0.00876499378969393
"hsa-mir-199a-2, mature,MIMAT0000231",0.00880009429681274
"hsa-mir-199b, mature,MIMAT0000263",0.00889746556305974
"hsa-mir-3136, mature,MIMAT0015003",0.00896904309367847
"hsa-mir-199a-1, mature,MIMAT0000231",0.00898241559375932
"hsa-mir-106b, mature,MIMAT0000680",0.00912203309440761
"hsa-mir-616, mature,MIMAT0004805",0.00921293626181162
"hsa-mir-589, mature,MIMAT0004799",0.0093255520310137
"hsa-mir-24-1, mature,MIMAT0000080",0.00936335476278998
"hsa-mir-15b, precursor",0.0093849916363525
"hsa-mir-508, mature,MIMAT0004778",0.00941136579951603
"hsa-mir-513c, mature,MIMAT0022728",0.00948426956101739
"hsa-mir-510, mature,MIMAT0026613",0.00964016654121876
"hsa-mir-30b, mature,MIMAT0000420",0.00964795638211004
"hsa-mir-425, mature,MIMAT0003393",0.00975125755320862
"hsa-mir-425, precursor",0.01007019264928
"hsa-mir-125a, precursor",0.0102078716094631
"hsa-mir-3187, mature,MIMAT0019216",0.0102078716094631
"hsa-mir-329-2, precursor",0.0103706754750624
"hsa-mir-33a, precursor",0.0104974745639755
"hsa-mir-654, mature,MIMAT0003330",0.0105373249367112
"hsa-mir-24-2, mature,MIMAT0000080",0.0106203937652702
"hsa-mir-4777, mature,MIMAT0019935",0.0107062587585691
"hsa-mir-450a-2, mature,MIMAT0001545",0.0107973359842527
"hsa-mir-4461, mature,MIMAT0018983",0.0108700288798646
"hsa-mir-4664, mature,MIMAT0019737",0.0112156696691704
"hsa-mir-580, mature,MIMAT0003245",0.0113209043698693
"hsa-mir-5001, mature,MIMAT0021021",0.011514075052286
"hsa-let-7a-1, precursor",0.0117734043585187
"hsa-mir-652, mature,MIMAT0003322",0.0117734043585187
"hsa-mir-559, unannotated",0.0117840854614431
"hsa-mir-337, precursor",0.011791525461949
"hsa-mir-133a-1, mature,MIMAT0026478",0.0118108225054118
"hsa-mir-6728, mature,MIMAT0027357",0.0118850979160945
"hsa-mir-584, mature,MIMAT0003249",0.0120395160582101
"hsa-mir-6716, mature,MIMAT0025845",0.0124522315808673
"hsa-mir-139, mature,MIMAT0004552",0.0126383449215528
"hsa-mir-496, unannotated",0.0130746030015229
"hsa-mir-29c, mature,MIMAT0000681",0.0131979250361578
"hsa-mir-339, mature,MIMAT0004702",0.0131979250361578
"hsa-mir-26a-1, precursor",0.013537651734644
"hsa-mir-1185-2, mature,MIMAT0005798",0.0137676751389769
"hsa-mir-3065, mature,MIMAT0015378",0.0140403267773057
"hsa-mir-215, mature,MIMAT0000272",0.0142229434862892
"hsa-mir-339, mature,MIMAT0000764",0.0142457022362739
"hsa-mir-3934, mature,MIMAT0022975",0.0144300983377957
"hsa-mir-3937, mature,MIMAT0018352",0.0144975390747347
"hsa-mir-155, mature,MIMAT0000646",0.0145390159855574
"hsa-mir-3605, mature,MIMAT0017982",0.0145390159855574
"hsa-mir-3615, unannotated",0.0145390159855574
"hsa-mir-181a-2, mature,MIMAT0004558",0.0146123122385996
"hsa-mir-548x-2, mature,MIMAT0015081",0.0146262549713204
"hsa-mir-517b, precursor",0.0148027442559015
"hsa-let-7c, mature,MIMAT0026472",0.0148180906750247
"hsa-mir-3920, mature,MIMAT0018195",0.0150724398998801
"hsa-mir-181a-1, mature,MIMAT0000270",0.0151027763738657
"hsa-mir-507, mature,MIMAT0002879",0.0151076310309871
"hsa-mir-889, precursor",0.0151076310309871
"hsa-mir-514a-1, mature,MIMAT0002883",0.0152667181562296
"hsa-mir-433, mature,MIMAT0001627",0.0153990644729375
"hsa-mir-409, mature,MIMAT0001638",0.0155108816614049
"hsa-mir-656, mature,MIMAT0003332",0.0156180416601568
"hsa-mir-450a-1, mature,MIMAT0022700",0.0156407046734215
"hsa-mir-887, mature,MIMAT0004951",0.0156407046734215
"hsa-mir-218-1, mature,MIMAT0004565",0.015646654401365
"hsa-mir-1185-1, mature,MIMAT0005798",0.0160669777337834
"hsa-mir-337, mature,MIMAT0004695",0.0161384244301294
"hsa-mir-26b, mature,MIMAT0000083",0.0162093583603067
"hsa-mir-3173, mature,MIMAT0019214",0.0162093583603067
"hsa-mir-17, mature,MIMAT0000071",0.0165915191557299
"hsa-mir-369, precursor",0.0169778695289369
"hsa-mir-514a-3, mature,MIMAT0002883",0.0171600175310949
"hsa-mir-125a, mature,MIMAT0000443",0.0180149246703496
"hsa-mir-3691, mature,MIMAT0018120",0.018060715250682
"hsa-mir-3615, stemloop",0.018060715250682
"hsa-mir-542, precursor",0.0181654996675198
"hsa-mir-513c, mature,MIMAT0005789",0.0182698300249972
"hsa-mir-514a-2, mature,MIMAT0002883",0.0194954430125136
"hsa-mir-320a, unannotated",0.0195899881884666
"hsa-mir-124-2, mature,MIMAT0004591",0.0197600244379606
"hsa-mir-506, mature,MIMAT0002878",0.0197632409989925
"hsa-mir-526a-1, precursor",0.0197632409989925
"hsa-mir-136, mature,MIMAT0000448",0.0203132517473102
"hsa-mir-514b, mature,MIMAT0015087",0.020603630642593
"hsa-mir-186, mature,MIMAT0000456",0.0206607203054603
"hsa-mir-656, precursor",0.0206645337170277
"hsa-mir-486-2, mature,MIMAT0004762",0.0211438617615091
"hsa-mir-487a, mature,MIMAT0026559",0.0211438617615091
"hsa-mir-1246, mature,MIMAT0005898",0.0211438617615091
"hsa-let-7d, mature,MIMAT0000065",0.0215742933556958
"hsa-mir-99b, mature,MIMAT0000689",0.0215742933556958
"hsa-mir-34c, mature,MIMAT0000686",0.0221209327468483
"hsa-mir-181b-2, mature,MIMAT0031893",0.0221550168943049
"hsa-mir-338, mature,MIMAT0000763",0.0222485338389231
"hsa-mir-513a-2, mature,MIMAT0004777",0.0225645568503172
"hsa-mir-30e, mature,MIMAT0000693",0.0226225104460775
"hsa-mir-320d-1, mature,MIMAT0006764",0.0229875789455824
"hsa-mir-4444-2, mature,MIMAT0018962",0.0234418641601632
"hsa-mir-4444-1, mature,MIMAT0018962",0.02373438992379
"hsa-mir-548b, mature,MIMAT0004798",0.0250713794186965
"hsa-mir-30c-2, precursor",0.025246558148831
"hsa-mir-365a, mature,MIMAT0009199",0.0252541784015414
"hsa-mir-1248, mature,MIMAT0005900",0.0254202200615229
"hsa-mir-124-1, mature,MIMAT0004591",0.0254417652005198
"hsa-mir-147b, mature,MIMAT0004928",0.0254417652005198
"hsa-mir-320a, mature,MIMAT0000510",0.0254981580325133
"hsa-mir-3609, mature,MIMAT0017986",0.0256038660351781
"hsa-mir-3678, mature,MIMAT0018102",0.0256278845766686
"hsa-mir-382, precursor",0.0256278845766686
"hsa-mir-607, mature,MIMAT0003275",0.0256278845766686
"hsa-mir-320c-2, mature,MIMAT0005793",0.0258646000984594
"hsa-mir-589, mature,MIMAT0003256",0.0258646000984594
"hsa-mir-329-1, precursor",0.0260474233726607
"hsa-mir-628, mature,MIMAT0003297",0.026098589174629
"hsa-mir-26a-1, mature,MIMAT0004499",0.0268835746301179
"hsa-mir-513b, mature,MIMAT0005788",0.0270254999273263
"hsa-mir-219a-1, mature,MIMAT0000276",0.0272797821885207
"hsa-mir-545, precursor",0.0273486965553623
"hsa-mir-1254-1, mature,MIMAT0005905",0.027807526453278
"hsa-mir-221, mature,MIMAT0000278",0.0278550934932
"hsa-mir-370, mature,MIMAT0026483",0.0284041181196273
"hsa-mir-1266, mature,MIMAT0005920",0.0285416519455286
"hsa-mir-1304, mature,MIMAT0005892",0.0285416519455286
"hsa-mir-214, mature,MIMAT0000271",0.0285416519455286
"hsa-mir-154, precursor",0.0287258029413749
"hsa-mir-194-1, mature,MIMAT0000460",0.0287258029413749
"hsa-mir-124-3, mature,MIMAT0004591",0.0294692043510248
"hsa-mir-125b-1, mature,MIMAT0004592",0.0294982777234793
"hsa-mir-376a-1, mature,MIMAT0003386",0.0296793400249193
"hsa-mir-873, mature,MIMAT0022717",0.0297899697033403
"hsa-mir-150, mature,MIMAT0004610",0.0299922466220107
"hsa-mir-455, mature,MIMAT0003150",0.0299922466220107
"hsa-mir-495, mature,MIMAT0022924",0.0302673372950483
"hsa-mir-154, mature,MIMAT0000453",0.0302775668108061
"hsa-mir-490, mature,MIMAT0004764",0.0304300739537581
"hsa-mir-548b, mature,MIMAT0003254",0.0304300739537581
"hsa-let-7b, mature,MIMAT0000063",0.030952553120212
"hsa-mir-7161, mature,MIMAT0028233",0.030952553120212
"hsa-mir-3065, mature,MIMAT0015066",0.0311418897988855
"hsa-mir-31, mature,MIMAT0000089",0.0312874975165799
"hsa-mir-26a-2, mature,MIMAT0000082",0.0318084195183506
"hsa-mir-4742, mature,MIMAT0019873",0.0320834401635817
"hsa-mir-6854, mature,MIMAT0027608",0.0324943011483711
"hsa-mir-106b, mature,MIMAT0004672",0.0325739003567554
"hsa-mir-211, mature,MIMAT0000268",0.0326326340433272
"hsa-mir-93, mature,MIMAT0000093",0.0334292852885233
"hsa-mir-330, mature,MIMAT0000751",0.0336573357200046
"hsa-mir-26a-1, mature,MIMAT0000082",0.0340239999946164
"hsa-mir-214, mature,MIMAT0004564",0.0343054152758575
"hsa-mir-5579, mature,MIMAT0022270",0.0343748796735448
"hsa-mir-3926-1, unannotated",0.0345551933941377
"hsa-mir-154, mature,MIMAT0000452",0.0345590168276844
"hsa-mir-34c, mature,MIMAT0004677",0.0346288618539007
"hsa-mir-660, mature,MIMAT0003338",0.0346288618539007
"hsa-mir-194-2, mature,MIMAT0000460",0.0348359941368144
"hsa-mir-24-1, precursor",0.0361070772094006
"hsa-mir-889, mature,MIMAT0004921",0.0369845400327921
"hsa-mir-1323, precursor",0.0371346839857945
"hsa-mir-664a, mature,MIMAT0005948",0.0376543971479029
"hsa-mir-335, mature,MIMAT0000765",0.0382051083425629
"hsa-mir-411, mature,MIMAT0003329",0.0389452338787305
"hsa-mir-1248, unannotated",0.0390182449082883
"hsa-mir-6761, mature,MIMAT0027422",0.0390368679168139
"hsa-mir-433, mature,MIMAT0026554",0.0394548513166985
"hsa-mir-127, mature,MIMAT0004604",0.039616900054004
"hsa-mir-1258, mature,MIMAT0005909",0.0405202960080787
"hsa-mir-892b, mature,MIMAT0004918",0.0421262895389877
"hsa-mir-4491, mature,MIMAT0019026",0.0422076895293598
"hsa-let-7f-2, mature,MIMAT0000067",0.0422839568666635
"hsa-mir-376b, mature,MIMAT0022923",0.0422839568666635
"hsa-mir-30c-2, mature,MIMAT0000244",0.0423269914844808
"hsa-mir-299, precursor",0.0424388166216155
"hsa-mir-190a, mature,MIMAT0026482",0.0426212786228601
"hsa-let-7f-1, mature,MIMAT0000067",0.0429122802937148
"hsa-mir-296, mature,MIMAT0004679",0.0429122802937148
"hsa-mir-361, mature,MIMAT0004682",0.0429122802937148
"hsa-mir-539, mature,MIMAT0003163",0.0429122802937148
"hsa-mir-605, mature,MIMAT0003273",0.0435354712158898
"hsa-mir-532, mature,MIMAT0002888",0.04410825269475
"hsa-mir-514a-1, mature,MIMAT0022702",0.044325974956237
"hsa-mir-550a-3, mature,MIMAT0020925",0.0446088899853536
"hsa-mir-181c, mature,MIMAT0000258",0.0449367735045459
"hsa-mir-6808, mature,MIMAT0027517",0.0451484359337384
"hsa-mir-432, mature,MIMAT0002814",0.0454840426589091
"hsa-mir-4766, mature,MIMAT0019918",0.0454840426589091
"hsa-mir-21, precursor",0.0456065728693811
"hsa-mir-1243, mature,MIMAT0005894",0.0458411166345945
"hsa-mir-1263, unannotated",0.0458411166345945
"hsa-mir-125a, mature,MIMAT0004602",0.046378223017917
"hsa-mir-33b, mature,MIMAT0004811",0.0481875907724874
"hsa-mir-618, mature,MIMAT0003287",0.0487599238613144
"hsa-mir-1180, mature,MIMAT0005825",0.0502932909803782
"hsa-mir-3667, mature,MIMAT0018089",0.0502932909803782
"hsa-mir-665, unannotated",0.0508125537063894
"hsa-mir-516b-2, precursor",0.0508125537063894
"hsa-mir-324, precursor",0.0512638485531874
"hsa-mir-105-1, precursor",0.0513471494280628
"hsa-mir-196b, mature,MIMAT0001080",0.0517799862424725
"hsa-mir-21, mature,MIMAT0004494",0.0526512641547807
"hsa-mir-30c-1, mature,MIMAT0000244",0.0527926258493781
"hsa-mir-888, mature,MIMAT0004916",0.0527926258493781
"hsa-mir-6510, mature,MIMAT0025477",0.0531694823392264
"hsa-mir-519e, precursor",0.0536907982394236
"hsa-mir-410, mature,MIMAT0002171",0.0542077595960275
"hsa-mir-514a-2, mature,MIMAT0022702",0.0548026103435436
"hsa-mir-5690, mature,MIMAT0022482",0.0548026103435436
"hsa-mir-202, mature,MIMAT0002811",0.0551293078463082
"hsa-mir-514a-3, mature,MIMAT0022702",0.0558851538777084
"hsa-mir-548y, mature,MIMAT0018354",0.056737684937391
"hsa-mir-331, mature,MIMAT0004700",0.0568930847519877
"hsa-mir-4449, unannotated",0.0577016006758439
"hsa-mir-376c, mature,MIMAT0022861",0.0602563961335319
"hsa-mir-513a-1, mature,MIMAT0004777",0.0608747708542563
"hsa-mir-218-2, mature,MIMAT0000275",0.0615161648656893
"hsa-let-7a-3, mature,MIMAT0004481",0.0617080917547969
"hsa-mir-1226, mature,MIMAT0005577",0.0617080917547969
"hsa-mir-449a, mature,MIMAT0001541",0.0629749970253209
"hsa-mir-493, mature,MIMAT0002813",0.0631657459605388
"hsa-mir-148b, mature,MIMAT0004699",0.0632619015169042
"hsa-mir-18b, mature,MIMAT0004751",0.0637442934608983
"hsa-let-7a-1, mature,MIMAT0004481",0.0639363914511295
"hsa-mir-1251, mature,MIMAT0005903",0.0639363914511295
"hsa-mir-23a, mature,MIMAT0000078",0.0639363914511295
"hsa-mir-3690-1, mature,MIMAT0018119",0.0639363914511295
"hsa-mir-101-2, unannotated",0.0655443174071753
"hsa-mir-541, precursor",0.0655443174071753
"hsa-mir-3917, mature,MIMAT0018191",0.0657444258036674
"hsa-mir-4745, mature,MIMAT0019879",0.0670824017281446
"hsa-mir-3654, mature,MIMAT0018074",0.0679996111222098
"hsa-mir-338, mature,MIMAT0004701",0.0683256854835139
"hsa-mir-496, mature,MIMAT0002818",0.0683256854835139
"hsa-mir-218-1, mature,MIMAT0000275",0.0685643402907758
"hsa-mir-184, unannotated",0.0694434306254728
"hsa-mir-3622a, mature,MIMAT0018004",0.0694434306254728
"hsa-mir-668, mature,MIMAT0003881",0.0703726755433643
"hsa-mir-29a, mature,MIMAT0000086",0.0710509092040679
"hsa-mir-383, mature,MIMAT0000738",0.0710509092040679
"hsa-mir-656, mature,MIMAT0026627",0.0710509092040679
"hsa-mir-1269b, mature,MIMAT0019059",0.0712578446488938
"hsa-mir-133b, mature,MIMAT0000770",0.0712578446488938
"hsa-mir-423, mature,MIMAT0001340",0.0732387271582049
"hsa-mir-3171, mature,MIMAT0015046",0.0732957493344303
"hsa-mir-935, mature,MIMAT0004978",0.0732957493344303
"hsa-mir-340, mature,MIMAT0000750",0.0747572878058019
"hsa-mir-1262, mature,MIMAT0005914",0.0766110786501775
"hsa-mir-3074, mature,MIMAT0019208",0.0767834906753389
"hsa-mir-6720, mature,MIMAT0025851",0.0767834906753389
"hsa-mir-1254-2, mature,MIMAT0005905",0.0778649618377339
"hsa-mir-1229, mature,MIMAT0005584",0.0780965503020625
"hsa-mir-331, mature,MIMAT0000760",0.0792292071674236
"hsa-mir-188, mature,MIMAT0004613",0.0796519849794567
"hsa-mir-615, mature,MIMAT0003283",0.0805444867437032
"hsa-mir-1271, mature,MIMAT0005796",0.0822276721013713
"hsa-mir-891a, mature,MIMAT0004902",0.0827680295288395
"hsa-mir-1263, mature,MIMAT0005915",0.0850215015077642
"hsa-mir-513a-2, mature,MIMAT0002877",0.0856106585329806
"hsa-mir-200a, mature,MIMAT0000682",0.0864718686047947
"hsa-mir-503, mature,MIMAT0002874",0.0868680433862643
"hsa-mir-503, mature,MIMAT0022925",0.0893573755025642
"hsa-mir-99b, mature,MIMAT0004678",0.0893573755025642
"hsa-mir-222, mature,MIMAT0004569",0.0894498761983147
"hsa-mir-499a, mature,MIMAT0004772",0.0894498761983147
"hsa-mir-652, mature,MIMAT0022709",0.0894498761983147
"hsa-mir-1287, mature,MIMAT0026738",0.089607537519277
"hsa-mir-2110, unannotated",0.0896952525835815
"hsa-mir-193b, mature,MIMAT0002819",0.0897395268014777
"hsa-mir-363, precursor",0.0897395268014777
"hsa-mir-541, mature,MIMAT0004920",0.0907199922180099
"hsa-mir-378c, mature,MIMAT0016847",0.0910868049300137
"hsa-mir-4762, mature,MIMAT0019911",0.091105037254265
"hsa-mir-1245a, unannotated",0.0946842861946133
"hsa-mir-193a, mature,MIMAT0000459",0.0946842861946133
"hsa-mir-513a-1, mature,MIMAT0002877",0.0946842861946133
"hsa-mir-548o, mature,MIMAT0005919",0.0946842861946133
"hsa-mir-181d, mature,MIMAT0002821",0.0967195111622008
"hsa-mir-301a, mature,MIMAT0000688",0.0967195111622008
"hsa-mir-374b, mature,MIMAT0004955",0.0967195111622008
"hsa-mir-362, mature,MIMAT0000705",0.0978726249263401
"hsa-mir-412, mature,MIMAT0026557",0.0978726249263401
"hsa-mir-873, mature,MIMAT0004953",0.0980638551157276
"hsa-mir-203a, mature,MIMAT0031890",0.0990810669132117
"hsa-mir-3684, mature,MIMAT0018112",0.0990810669132117
"hsa-mir-340, stemloop",0.099524100855452
"hsa-mir-1468, mature,MIMAT0006789",0.0997086298530053
"hsa-mir-1301, precursor",0.100759712715283
"hsa-mir-802, mature,MIMAT0004185",0.100941337184826
"hsa-mir-221, precursor",0.101069444916525
"hsa-mir-200b, mature,MIMAT0000318",0.101346831165194
"hsa-mir-10a, mature,MIMAT0000253",0.102255047859461
"hsa-mir-500a, mature,MIMAT0002871",0.104240116980306
"hsa-mir-409, mature,MIMAT0001639",0.107421830225289
"hsa-mir-126, mature,MIMAT0000445",0.107616402887264
"hsa-mir-1269a, unannotated",0.108246522505598
"hsa-mir-410, mature,MIMAT0026558",0.109034369877473
"hsa-mir-532, mature,MIMAT0004780",0.109134785375754
"hsa-mir-345, mature,MIMAT0022698",0.112612598545397
"hsa-mir-576, mature,MIMAT0003241",0.112700299398621
"hsa-mir-4523, mature,MIMAT0019061",0.113063557186265
"hsa-mir-5695, mature,MIMAT0022488",0.115064981719572
"hsa-mir-16-2, precursor",0.115177584350135
"hsa-mir-1306, mature,MIMAT0022726",0.11632874539333
"hsa-mir-585, mature,MIMAT0003250",0.116839968084677
"hsa-mir-379, mature,MIMAT0000733",0.119024503379158
"hsa-mir-1292, mature,MIMAT0005943",0.120536646011691
"hsa-mir-375, unannotated",0.120536646011691
"hsa-mir-655, mature,MIMAT0026626",0.121025062752324
"hsa-mir-24-2, mature,MIMAT0004497",0.121707654734164
"hsa-mir-301a, mature,MIMAT0022696",0.121857735314229
"hsa-mir-30e, mature,MIMAT0000692",0.121857735314229
"hsa-mir-34a, mature,MIMAT0000255",0.122534331212187
"hsa-mir-3157, mature,MIMAT0019210",0.122596872443995
"hsa-mir-191, mature,MIMAT0001618",0.123806811028456
"hsa-mir-769, mature,MIMAT0003887",0.126043508903629
"hsa-mir-103a-2, mature,MIMAT0000101",0.128490675968847
"hsa-mir-431, mature,MIMAT0004757",0.128490675968847
"hsa-mir-454, mature,MIMAT0003884",0.128490675968847
"hsa-mir-432, mature,MIMAT0002815",0.128559011443433
"hsa-mir-103a-1, mature,MIMAT0000101",0.12979831419737
"hsa-mir-193b, mature,MIMAT0004767",0.130082311382237
"hsa-mir-3199-1, mature,MIMAT0015084",0.132758129751615
"hsa-mir-4645, mature,MIMAT0019706",0.133504649110892
"hsa-mir-15b, mature,MIMAT0000417",0.133757475716705
"hsa-mir-223, mature,MIMAT0004570",0.133923880539068
"hsa-mir-31, mature,MIMAT0004504",0.135036850752885
"hsa-mir-6516, mature,MIMAT0030418",0.135997450864304
"hsa-mir-329-2, mature,MIMAT0001629",0.136939137705762
"hsa-mir-664b, mature,MIMAT0022271",0.139326278696857
"hsa-mir-27a, mature,MIMAT0004501",0.140380796740501
"hsa-mir-424, mature,MIMAT0004749",0.140380796740501
"hsa-mir-429, mature,MIMAT0001536",0.141438643768277
"hsa-mir-378d-2, mature,MIMAT0018926",0.141561437699537
"hsa-mir-370, precursor",0.143387614636382
"hsa-mir-4664, mature,MIMAT0019738",0.144745173658588
"hsa-mir-2110, mature,MIMAT0010133",0.145552290726968
"hsa-mir-4677, mature,MIMAT0019761",0.145552290726968
"hsa-mir-627, mature,MIMAT0003296",0.145552290726968
"hsa-mir-92b, mature,MIMAT0004792",0.146911015056044
"hsa-mir-509-2, mature,MIMAT0004779",0.148656993655968
"hsa-mir-487b, mature,MIMAT0026614",0.154136102021248
"hsa-mir-7845, mature,MIMAT0030420",0.154470624709051
"hsa-mir-376a-2, mature,MIMAT0022928",0.155785216658031
"hsa-mir-3615, mature,MIMAT0017994",0.155825730754484
"hsa-mir-485, mature,MIMAT0002175",0.155825730754484
"hsa-mir-511, mature,MIMAT0002808",0.155825730754484
"hsa-mir-4668, mature,MIMAT0019746",0.156512563566026
"hsa-mir-6803, mature,MIMAT0027507",0.156512563566026
"hsa-mir-323b, mature,MIMAT0015050",0.157100546658154
"hsa-mir-192, mature,MIMAT0000222",0.15812944604805
"hsa-mir-940, mature,MIMAT0004983",0.158264178907498
"hsa-mir-107, mature,MIMAT0000104",0.163125938475064
"hsa-mir-331, precursor",0.163125938475064
"hsa-mir-501, mature,MIMAT0004774",0.164175871854375
"hsa-mir-1291, mature,MIMAT0005881",0.164453294082469
"hsa-mir-770, mature,MIMAT0003948",0.164804475711143
"hsa-mir-598, mature,MIMAT0003266",0.165329371924882
"hsa-mir-135a-2, mature,MIMAT0000428",0.166644013229875
"hsa-mir-138-2, mature,MIMAT0000430",0.166644013229875
"hsa-mir-4676, mature,MIMAT0019758",0.166644013229875
"hsa-mir-643, mature,MIMAT0003313",0.170023560468062
"hsa-mir-9-2, mature,MIMAT0000441",0.170121472754586
"hsa-mir-6868, mature,MIMAT0027637",0.171203084374433
"hsa-mir-329-1, mature,MIMAT0001629",0.172001875899832
"hsa-mir-510, mature,MIMAT0002882",0.172001875899832
"hsa-mir-3613, mature,MIMAT0017991",0.172061882923877
"hsa-mir-3682, mature,MIMAT0018110",0.172061882923877
"hsa-mir-196b, precursor",0.172455632787052
"hsa-mir-9-3, mature,MIMAT0000441",0.172455632787052
"hsa-mir-127, mature,MIMAT0000446",0.173930403499858
"hsa-mir-6842, mature,MIMAT0027587",0.173930403499858
"hsa-mir-9-1, mature,MIMAT0000441",0.173984690432078
"hsa-mir-204, mature,MIMAT0000265",0.174061174161969
"hsa-mir-214, precursor",0.17476511722851
"hsa-mir-874, mature,MIMAT0004911",0.17476511722851
"hsa-mir-502, mature,MIMAT0004775",0.176891464606533
"hsa-mir-3934, mature,MIMAT0018349",0.178893227716209
"hsa-mir-3913-2, mature,MIMAT0018187",0.184257538587533
"hsa-mir-195, mature,MIMAT0004615",0.186687765705882
"hsa-mir-181b-1, mature,MIMAT0022692",0.187388981096593
"hsa-mir-541, mature,MIMAT0004919",0.189308313945631
"hsa-mir-346, mature,MIMAT0000773",0.190580115659582
"hsa-mir-224, mature,MIMAT0009198",0.191163853698209
"hsa-mir-196a-1, mature,MIMAT0000226",0.193098130491883
"hsa-mir-577, mature,MIMAT0003242",0.193098130491883
"hsa-mir-192, mature,MIMAT0004543",0.193645312174194
"hsa-mir-323a, mature,MIMAT0000755",0.193903253468896
"hsa-mir-5001, mature,MIMAT0021022",0.195133796701066
"hsa-mir-342, mature,MIMAT0004694",0.195350185849473
"hsa-mir-3610, mature,MIMAT0017987",0.195350185849473
"hsa-mir-3677, mature,MIMAT0019221",0.195350185849473
"hsa-mir-654, mature,MIMAT0004814",0.195350185849473
"hsa-mir-6788, mature,MIMAT0027477",0.195867160936505
"hsa-mir-370, mature,MIMAT0000722",0.19750199592213
"hsa-mir-194-2, mature,MIMAT0004671",0.203532601137049
"hsa-mir-146a, mature,MIMAT0004608",0.204830847187248
"hsa-mir-6837, mature,MIMAT0027577",0.204951010799713
"hsa-mir-222, mature,MIMAT0000279",0.209386285539592
"hsa-mir-124-2, mature,MIMAT0000422",0.210439558364017
"hsa-mir-501, mature,MIMAT0002872",0.211093021856805
"hsa-mir-874, mature,MIMAT0026718",0.21300563974123
"hsa-mir-101-1, mature,MIMAT0000099",0.216704931460259
"hsa-mir-219a-1, mature,MIMAT0004567",0.218003963384142
"hsa-mir-4465, mature,MIMAT0018992",0.218003963384142
"hsa-mir-939, mature,MIMAT0004982",0.218003963384142
"hsa-mir-9-1, mature,MIMAT0000442",0.218333705052216
"hsa-mir-34b, mature,MIMAT0004676",0.218583522148128
"hsa-mir-196a-2, mature,MIMAT0000226",0.218658944040564
"hsa-mir-144, mature,MIMAT0000436",0.219315183844816
"hsa-mir-3130-1, mature,MIMAT0014994",0.219974072413112
"hsa-mir-153-2, mature,MIMAT0026480",0.222056540296617
"hsa-mir-551b, mature,MIMAT0003233",0.222056540296617
"hsa-mir-488, mature,MIMAT0002804",0.224679905032339
"hsa-mir-34a, mature,MIMAT0004557",0.225737294617289
"hsa-mir-15a, mature,MIMAT0000068",0.227697784915146
"hsa-mir-148a, mature,MIMAT0000243",0.22832902246657
"hsa-mir-148a, mature,MIMAT0004549",0.22832902246657
"hsa-mir-4662a, mature,MIMAT0019731",0.22832902246657
"hsa-mir-6502, mature,MIMAT0025460",0.22832902246657
"hsa-mir-4473, mature,MIMAT0019000",0.228930405840138
"hsa-mir-101-2, mature,MIMAT0000099",0.22909737549667
"hsa-mir-6764, mature,MIMAT0027428",0.231271647154018
"hsa-mir-5698, mature,MIMAT0022491",0.231339061262675
"hsa-mir-376c, precursor",0.231491637375826
"hsa-mir-30b, mature,MIMAT0004589",0.233346279007001
"hsa-mir-585, mature,MIMAT0026618",0.233346279007001
"hsa-mir-500b, mature,MIMAT0016925",0.233854024547723
"hsa-mir-500a, mature,MIMAT0004773",0.23461786067743
"hsa-mir-4784, mature,MIMAT0019948",0.235178705612557
"hsa-mir-29a, mature,MIMAT0004503",0.236613887530091
"hsa-mir-200c, mature,MIMAT0004657",0.237684925129259
"hsa-mir-4724, mature,MIMAT0019841",0.237684925129259
"hsa-mir-103a-1, unannotated",0.24269326699875
"hsa-mir-548k, mature,MIMAT0005882",0.244105438264175
"hsa-mir-323a, mature,MIMAT0004696",0.24605586437406
"hsa-mir-4638, mature,MIMAT0019696",0.246264928704329
"hsa-mir-4443, mature,MIMAT0018961",0.246499809465547
"hsa-mir-3154, mature,MIMAT0015028",0.247413877958595
"hsa-mir-5000, mature,MIMAT0021020",0.247413877958595
"hsa-mir-504, mature,MIMAT0026612",0.247413877958595
"hsa-mir-6514, mature,MIMAT0025484",0.247572717064345
"hsa-mir-215, mature,MIMAT0026476",0.253311117284846
"hsa-mir-1249, mature,MIMAT0005901",0.253634045899272
"hsa-mir-126, mature,MIMAT0000444",0.253634045899272
"hsa-mir-374a, mature,MIMAT0000727",0.253634045899272
"hsa-mir-491, mature,MIMAT0002807",0.253634045899272
"hsa-mir-493, mature,MIMAT0003161",0.253634045899272
"hsa-mir-4760, mature,MIMAT0019906",0.253634045899272
"hsa-mir-219b, mature,MIMAT0019747",0.255630770056037
"hsa-mir-502, mature,MIMAT0002873",0.256463800430418
"hsa-mir-3199-2, mature,MIMAT0015084",0.259156344113461
"hsa-mir-223, mature,MIMAT0000280",0.259291215115703
"hsa-mir-671, mature,MIMAT0003880",0.26461966040411
"hsa-mir-22, mature,MIMAT0004495",0.265597557437438
"hsa-mir-342, mature,MIMAT0000753",0.266358284821564
"hsa-mir-3923, mature,MIMAT0018198",0.266358284821564
"hsa-mir-448, mature,MIMAT0001532",0.266358284821564
"hsa-mir-26b, mature,MIMAT0004500",0.272232973355325
"hsa-mir-4999, mature,MIMAT0021017",0.272232973355325
"hsa-mir-892a, mature,MIMAT0004907",0.272232973355325
"hsa-mir-188, mature,MIMAT0000457",0.274539615716634
"hsa-mir-1301, mature,MIMAT0005797",0.274578168978566
"hsa-mir-3176, mature,MIMAT0015053",0.274578168978566
"hsa-mir-551a, mature,MIMAT0003214",0.276899791524458
"hsa-mir-1197, unannotated",0.277014334516211
"hsa-mir-1250, mature,MIMAT0005902",0.277014334516211
"hsa-mir-1307, mature,MIMAT0022727",0.277014334516211
"hsa-mir-135a-1, mature,MIMAT0000428",0.277014334516211
"hsa-mir-4636, mature,MIMAT0019693",0.277383945632519
"hsa-mir-511, mature,MIMAT0026606",0.277570414033665
"hsa-mir-140, mature,MIMAT0004597",0.279367413165759
"hsa-mir-6874, mature,MIMAT0027649",0.280968030740563
"hsa-mir-10a, mature,MIMAT0004555",0.28120004362084
"hsa-mir-204, mature,MIMAT0022693",0.28120004362084
"hsa-mir-204, precursor",0.281570391419513
"hsa-mir-424, mature,MIMAT0001341",0.281570391419513
"hsa-mir-421, mature,MIMAT0003339",0.282084169973328
"hsa-mir-3199-2, unannotated",0.2834369472495
"hsa-mir-2116, mature,MIMAT0011161",0.284004117573133
"hsa-mir-3912, mature,MIMAT0018186",0.284004117573133
"hsa-mir-504, mature,MIMAT0002875",0.285040046704565
"hsa-mir-7706, unannotated",0.286305611386602
"hsa-mir-106a, mature,MIMAT0000103",0.291010563494527
"hsa-mir-196b, mature,MIMAT0009201",0.291010563494527
"hsa-mir-98, mature,MIMAT0022842",0.291486778339729
"hsa-mir-486-2, mature,MIMAT0002177",0.292027257888417
"hsa-mir-200a, mature,MIMAT0001620",0.293582801625647
"hsa-mir-758, mature,MIMAT0003879",0.293619965159511
"hsa-mir-1306, mature,MIMAT0005950",0.294014863856546
"hsa-mir-486-1, mature,MIMAT0002177",0.29815513490302
"hsa-mir-1295a, mature,MIMAT0005885",0.302010045257467
"hsa-mir-876, mature,MIMAT0004924",0.302010045257467
"hsa-mir-184, mature,MIMAT0000454",0.302481535106303
"hsa-mir-544a, mature,MIMAT0003164",0.302481535106303
"hsa-mir-92b, mature,MIMAT0003218",0.302481535106303
"hsa-mir-4632, mature,MIMAT0019688",0.305448694217455
"hsa-mir-708, mature,MIMAT0004927",0.306701266876933
"hsa-mir-1537, mature,MIMAT0026765",0.308515613849789
"hsa-mir-431, mature,MIMAT0001625",0.311281458162991
"hsa-mir-10b, mature,MIMAT0004556",0.311758727842663
"hsa-mir-3064, mature,MIMAT0019865",0.312285643832154
"hsa-mir-628, mature,MIMAT0004809",0.312285643832154
"hsa-mir-452, mature,MIMAT0001635",0.312641332361575
"hsa-mir-581, mature,MIMAT0003246",0.312888547236227
"hsa-mir-760, unannotated",0.312888547236227
"hsa-mir-106a, mature,MIMAT0004517",0.314063085366681
"hsa-mir-3170, mature,MIMAT0015045",0.31440022722024
"hsa-mir-135a-1, mature,MIMAT0004595",0.315467235673737
"hsa-mir-122, mature,MIMAT0004590",0.317534825803308
"hsa-mir-141, precursor",0.317894662306326
"hsa-mir-455, mature,MIMAT0004784",0.31842593448421
"hsa-mir-891b, mature,MIMAT0004913",0.319260112032989
"hsa-mir-769, mature,MIMAT0003886",0.319802960265458
"hsa-mir-5581, mature,MIMAT0022276",0.322373315487941
"hsa-mir-122, mature,MIMAT0000421",0.323325104964774
"hsa-mir-195, mature,MIMAT0000461",0.324010526118002
"hsa-mir-329-1, mature,MIMAT0026555",0.329472438944077
"hsa-mir-5090, mature,MIMAT0021082",0.329472438944077
"hsa-mir-186, mature,MIMAT0004612",0.330681496367333
"hsa-mir-1248, stemloop",0.331711961098545
"hsa-mir-320b-1, mature,MIMAT0005792",0.333226849491507
"hsa-mir-107, unannotated",0.334125116672318
"hsa-mir-149, mature,MIMAT0004609",0.334125116672318
"hsa-mir-499a, mature,MIMAT0002870",0.334771539430094
"hsa-mir-200c, mature,MIMAT0000617",0.337799323653098
"hsa-mir-132, stemloop",0.340144825202285
"hsa-mir-377, mature,MIMAT0000730",0.346400729497187
"hsa-mir-4745, mature,MIMAT0019878",0.347919673204366
"hsa-mir-4685, mature,MIMAT0019772",0.350260656076604
"hsa-mir-200b, mature,MIMAT0004571",0.350661461615961
"hsa-mir-369, mature,MIMAT0000721",0.350661461615961
"hsa-mir-454, mature,MIMAT0003885",0.353033423702938
"hsa-mir-190a, mature,MIMAT0000458",0.358865436056204
"hsa-mir-26a-2, mature,MIMAT0004681",0.358865436056204
"hsa-mir-219a-2, mature,MIMAT0004675",0.360423899956255
"hsa-mir-876, mature,MIMAT0004925",0.360827643408513
"hsa-let-7f-2, mature,MIMAT0004487",0.360905782957728
"hsa-mir-5091, mature,MIMAT0021083",0.361517316042038
"hsa-mir-361, mature,MIMAT0000703",0.362925422331621
"hsa-mir-16-1, mature,MIMAT0004489",0.363127204142191
"hsa-mir-20b, mature,MIMAT0001413",0.365465696918023
"hsa-mir-3909, mature,MIMAT0018183",0.366240399298821
"hsa-mir-659, mature,MIMAT0022710",0.367336008108949
"hsa-mir-6805, mature,MIMAT0027510",0.369324539199436
"hsa-mir-4326, mature,MIMAT0016888",0.370538028399271
"hsa-mir-636, mature,MIMAT0003306",0.370715388107978
"hsa-mir-5187, mature,MIMAT0021117",0.371349529839673
"hsa-mir-5699, mature,MIMAT0027103",0.371981476070397
"hsa-mir-27a, precursor",0.373826617494334
"hsa-mir-381, mature,MIMAT0022862",0.376261602029282
"hsa-mir-885, mature,MIMAT0004947",0.378457556267016
"hsa-mir-3200, mature,MIMAT0015085",0.379868429909187
"hsa-mir-134, mature,MIMAT0000447",0.381681740282526
"hsa-mir-27b, mature,MIMAT0004588",0.3915636312168
"hsa-mir-4728, mature,MIMAT0019850",0.391645535558698
"hsa-mir-6815, mature,MIMAT0027531",0.392551962156844
"hsa-mir-4707, mature,MIMAT0019807",0.393451773278485
"hsa-mir-320d-2, mature,MIMAT0006764",0.395199800765687
"hsa-mir-570, mature,MIMAT0003235",0.395545665247735
"hsa-mir-744, mature,MIMAT0004946",0.395545665247735
"hsa-mir-1269a, mature,MIMAT0005923",0.396339797367284
"hsa-mir-3612, unannotated",0.40144955700342
"hsa-mir-548e, mature,MIMAT0005874",0.401588696353071
"hsa-mir-1307, mature,MIMAT0005951",0.402625808175391
"hsa-mir-5002, mature,MIMAT0021023",0.402758514646096
"hsa-mir-380, mature,MIMAT0000734",0.40551414598806
"hsa-mir-141, mature,MIMAT0000432",0.407531495450642
"hsa-mir-375, mature,MIMAT0000728",0.407531495450642
"hsa-mir-934, unannotated",0.407531495450642
"hsa-mir-3193, mature,MIMAT0015077",0.410763782810905
"hsa-mir-20b, mature,MIMAT0004752",0.415948726831968
"hsa-mir-124-3, mature,MIMAT0000422",0.416097023030197
"hsa-mir-658, mature,MIMAT0003336",0.416464643426172
"hsa-mir-205, mature,MIMAT0000266",0.4167909544961
"hsa-mir-4665, mature,MIMAT0019739",0.418814843359888
"hsa-mir-4735, mature,MIMAT0019860",0.419083665704873
"hsa-mir-144, mature,MIMAT0004600",0.419885956143427
"hsa-mir-6125, mature,MIMAT0024598",0.421112762512697
"hsa-mir-675, mature,MIMAT0006790",0.421861873651972
"hsa-mir-1224, mature,MIMAT0005458",0.425037870643924
"hsa-mir-1185-1, precursor",0.425584669133284
"hsa-mir-449b, mature,MIMAT0009203",0.425584669133284
"hsa-mir-181a-2, precursor",0.425875531336785
"hsa-mir-4677, mature,MIMAT0019760",0.425887332442079
"hsa-mir-423, mature,MIMAT0004748",0.428602135091878
"hsa-mir-345, mature,MIMAT0000772",0.430477220693978
"hsa-mir-3187, mature,MIMAT0015069",0.433982045753415
"hsa-mir-23a, mature,MIMAT0004496",0.434497055635174
"hsa-mir-6503, mature,MIMAT0025462",0.434497055635174
"hsa-mir-191, mature,MIMAT0000440",0.436595282928754
"hsa-let-7i, mature,MIMAT0004585",0.436898596671817
"hsa-mir-545, mature,MIMAT0003165",0.437729328425825
"hsa-mir-151b, mature,MIMAT0010214",0.437829067452504
"hsa-mir-500b, mature,MIMAT0027032",0.440652813726231
"hsa-mir-877, mature,MIMAT0004949",0.44126230061636
"hsa-mir-451a, mature,MIMAT0001631",0.441339989577899
"hsa-mir-4786, mature,MIMAT0019954",0.44175893542459
"hsa-mir-205, mature,MIMAT0009197",0.442365647039173
"hsa-mir-9-3, mature,MIMAT0000442",0.446362588618512
"hsa-mir-3913-1, mature,MIMAT0018187",0.446444985874645
"hsa-mir-2277, mature,MIMAT0017352",0.447836251420887
"hsa-mir-224, mature,MIMAT0000281",0.448018166555695
"hsa-mir-1343, mature,MIMAT0019776",0.448049009388472
"hsa-mir-326, mature,MIMAT0000756",0.448049009388472
"hsa-mir-675, mature,MIMAT0004284",0.448049009388472
"hsa-mir-770, unannotated",0.448049009388472
"hsa-mir-151a, mature,MIMAT0004697",0.451356051955524
"hsa-mir-548d-2, mature,MIMAT0003323",0.451356051955524
"hsa-mir-9-2, mature,MIMAT0000442",0.454215265613445
"hsa-mir-2277, mature,MIMAT0011777",0.455037670730323
"hsa-mir-212, mature,MIMAT0000269",0.469988587591023
"hsa-mir-548d-1, mature,MIMAT0003323",0.47006843646791
"hsa-mir-378d-1, mature,MIMAT0018926",0.473573331424802
"hsa-mir-3913-1, mature,MIMAT0019225",0.473573331424802
"hsa-mir-1179, mature,MIMAT0005824",0.475897827180069
"hsa-mir-323b, mature,MIMAT0001630",0.479688597612884
"hsa-mir-1247, mature,MIMAT0005899",0.480689554730009
"hsa-mir-4778, mature,MIMAT0019937",0.483537097412725
"hsa-mir-130a, mature,MIMAT0000425",0.487798433517365
"hsa-mir-676, mature,MIMAT0018204",0.487798433517365
"hsa-mir-7706, mature,MIMAT0030021",0.491485320788872
"hsa-mir-6802, mature,MIMAT0027505",0.491686816384516
"hsa-mir-93, mature,MIMAT0004509",0.492110850340915
"hsa-mir-365b, mature,MIMAT0022833",0.492195086277889
"hsa-mir-363, mature,MIMAT0000707",0.493517600767315
"hsa-mir-299, mature,MIMAT0000687",0.494252136312869
"hsa-mir-6777, mature,MIMAT0027454",0.49831260309779
"hsa-mir-6733, mature,MIMAT0027368",0.500286504700227
"hsa-mir-34b, mature,MIMAT0000685",0.505314177856204
"hsa-let-7g, mature,MIMAT0004584",0.506455405208057
"hsa-mir-452, mature,MIMAT0001636",0.506455405208057
"hsa-mir-1-1, mature,MIMAT0031892",0.508043874132551
"hsa-mir-1288, mature,MIMAT0005942",0.50836428234067
"hsa-mir-3926-2, mature,MIMAT0018201",0.50836428234067
"hsa-mir-1304, mature,MIMAT0022720",0.513517270328343
"hsa-mir-3127, mature,MIMAT0019201",0.515101794508283
"hsa-mir-5582, mature,MIMAT0022280",0.518041259674137
"hsa-mir-27b, precursor",0.522682071720335
"hsa-mir-1305, mature,MIMAT0005893",0.525498378241634
"hsa-mir-3161, mature,MIMAT0015035",0.534152577397791
"hsa-mir-208b, mature,MIMAT0004960",0.534152577397791
"hsa-mir-377, mature,MIMAT0004689",0.536862918982057
"hsa-mir-1193, mature,MIMAT0015049",0.537393680565121
"hsa-mir-545, mature,MIMAT0004785",0.540858370880393
"hsa-mir-124-1, mature,MIMAT0000422",0.543357943956042
"hsa-mir-2114, mature,MIMAT0011156",0.544987050476513
"hsa-mir-3926-1, mature,MIMAT0018201",0.545738675792213
"hsa-mir-6516, mature,MIMAT0030417",0.546876878793018
"hsa-mir-6852, mature,MIMAT0027604",0.546876878793018
"hsa-mir-217, unannotated",0.549211753941216
"hsa-mir-494, mature,MIMAT0002816",0.549211753941216
"hsa-mir-3158-2, mature,MIMAT0015032",0.554700425652034
"hsa-mir-6806, mature,MIMAT0027513",0.55479514061846
"hsa-mir-758, mature,MIMAT0022929",0.55479514061846
"hsa-mir-135a-2, unannotated",0.557288088418088
"hsa-mir-3129, mature,MIMAT0019202",0.557288088418088
"hsa-mir-376a-1, mature,MIMAT0000729",0.560109190103402
"hsa-mir-1247, mature,MIMAT0022721",0.563220374962394
"hsa-mir-4521, mature,MIMAT0019058",0.563220374962394
"hsa-mir-3132, unannotated",0.569943501456405
"hsa-mir-3131, mature,MIMAT0014996",0.57139534895024
"hsa-mir-219b, mature,MIMAT0019748",0.573505608929204
"hsa-mir-3613, precursor",0.573505608929204
"hsa-mir-7854, mature,MIMAT0030429",0.573505608929204
"hsa-mir-934, mature,MIMAT0004977",0.573505608929204
"hsa-mir-488, mature,MIMAT0004763",0.574777872835481
"hsa-mir-18b, mature,MIMAT0001412",0.574928198679231
"hsa-mir-944, mature,MIMAT0004987",0.575757994158862
"hsa-mir-6783, mature,MIMAT0027467",0.57861508878894
"hsa-mir-22, mature,MIMAT0000077",0.580266179930976
"hsa-mir-320b-2, mature,MIMAT0005792",0.59364683607956
"hsa-mir-381, mature,MIMAT0000736",0.59364683607956
"hsa-mir-485, mature,MIMAT0002176",0.594888185541256
"hsa-mir-139, mature,MIMAT0000250",0.595947551110417
"hsa-mir-4442, mature,MIMAT0018960",0.597064536731572
"hsa-mir-4709, mature,MIMAT0019812",0.597064536731572
"hsa-mir-216a, mature,MIMAT0022844",0.598375586967762
"hsa-mir-363, mature,MIMAT0003385",0.599740390764615
"hsa-mir-708, mature,MIMAT0004926",0.599818906068494
"hsa-mir-137, mature,MIMAT0000429",0.605515382073727
"hsa-mir-33a, mature,MIMAT0004506",0.605515382073727
"hsa-mir-556, mature,MIMAT0003220",0.605515382073727
"hsa-mir-1910, mature,MIMAT0007884",0.612146574594651
"hsa-mir-412, mature,MIMAT0002170",0.612146574594651
"hsa-mir-212, mature,MIMAT0022695",0.612417652176633
"hsa-mir-483, mature,MIMAT0002173",0.612417652176633
"hsa-mir-376a-2, mature,MIMAT0000729",0.615531335609283
"hsa-mir-33a, mature,MIMAT0000091",0.619191534516046
"hsa-mir-6499, mature,MIMAT0025450",0.619702575051265
"hsa-mir-10a, precursor",0.623904154085128
"hsa-mir-21, mature,MIMAT0000076",0.623904154085128
"hsa-mir-5193, mature,MIMAT0021124",0.623904154085128
"hsa-mir-632, mature,MIMAT0003302",0.623904154085128
"hsa-mir-676, mature,MIMAT0018203",0.623904154085128
"hsa-mir-3152, mature,MIMAT0019207",0.623987340222141
"hsa-mir-497, mature,MIMAT0002820",0.624205716345259
"hsa-mir-494, mature,MIMAT0026607",0.630804758781865
"hsa-mir-6892, mature,MIMAT0027684",0.630804758781865
"hsa-let-7a-1, stemloop",0.641351261914264
"hsa-mir-548aw, mature,MIMAT0022471",0.641351261914264
"hsa-mir-27a, mature,MIMAT0000084",0.641858021416019
"hsa-mir-4732, mature,MIMAT0019856",0.642613348561269
"hsa-mir-3620, mature,MIMAT0018001",0.643795912874546
"hsa-mir-4649, mature,MIMAT0019712",0.643795912874546
"hsa-mir-505, mature,MIMAT0004776",0.643795912874546
"hsa-mir-6718, mature,MIMAT0025849",0.643795912874546
"hsa-mir-7854, unannotated",0.643795912874546
"hsa-mir-191, stemloop",0.647197912481615
"hsa-mir-425, mature,MIMAT0001343",0.647197912481615
"hsa-mir-7151, mature,MIMAT0028212",0.647197912481615
"hsa-mir-411, mature,MIMAT0004813",0.654302199836387
"hsa-mir-206, mature,MIMAT0000462",0.655828089692973
"hsa-mir-1276, mature,MIMAT0005930",0.658473710220463
"hsa-mir-1185-1, mature,MIMAT0022838",0.662743458146439
"hsa-mir-877, mature,MIMAT0004950",0.662743458146439
"hsa-mir-208a, mature,MIMAT0026474",0.663690632270762
"hsa-mir-217, mature,MIMAT0000274",0.66844274988212
"hsa-mir-3117, mature,MIMAT0014979",0.675669164504519
"hsa-mir-379, mature,MIMAT0004690",0.677021650537299
"hsa-let-7i, precursor",0.680829699688045
"hsa-mir-6793, mature,MIMAT0027486",0.680993357845927
"hsa-mir-671, mature,MIMAT0004819",0.682376771700506
"hsa-mir-10b, mature,MIMAT0000254",0.688697464202757
"hsa-mir-1284, mature,MIMAT0005941",0.690343905130213
"hsa-mir-4424, unannotated",0.690384809329535
"hsa-let-7c, stemloop",0.693409951394898
"hsa-mir-6730, mature,MIMAT0027361",0.69427295303365
"hsa-mir-151a, mature,MIMAT0000757",0.704627254791924
"hsa-mir-3928, mature,MIMAT0018205",0.705653497120411
"hsa-mir-138-1, mature,MIMAT0000430",0.708120453059084
"hsa-mir-5683, mature,MIMAT0022472",0.709692924620146
"hsa-mir-760, mature,MIMAT0004957",0.713048791947791
"hsa-mir-194-1, unannotated",0.715532529397781
"hsa-mir-450a-2, mature,MIMAT0031074",0.71772380406927
"hsa-mir-132, mature,MIMAT0000426",0.718595253343889
"hsa-mir-6844, mature,MIMAT0027589",0.718595253343889
"hsa-mir-125b-1, precursor",0.719144405052338
"hsa-mir-1538, mature,MIMAT0007400",0.719144405052338
"hsa-mir-4781, mature,MIMAT0019943",0.719144405052338
"hsa-mir-6132, unannotated",0.719144405052338
"hsa-mir-653, mature,MIMAT0026625",0.719144405052338
"hsa-mir-29b-2, mature,MIMAT0004515",0.719619354680648
"hsa-mir-95, mature,MIMAT0000094",0.719619354680648
"hsa-mir-4768, mature,MIMAT0019920",0.722941002278642
"hsa-mir-143, precursor",0.723052327936445
"hsa-mir-3158-1, mature,MIMAT0015032",0.723052327936445
"hsa-mir-5003, mature,MIMAT0021026",0.731816526257195
"hsa-mir-889, mature,MIMAT0026719",0.731816526257195
"hsa-mir-6781, mature,MIMAT0027463",0.734085066871011
"hsa-mir-766, mature,MIMAT0003888",0.734963620823532
"hsa-mir-448, unannotated",0.736733124161025
"hsa-mir-4738, mature,MIMAT0019867",0.737739832328259
"hsa-mir-4470, unannotated",0.739238442967934
"hsa-mir-6508, mature,MIMAT0025472",0.742004640841663
"hsa-mir-429, unannotated",0.742771028316608
"hsa-mir-203b, mature,MIMAT0019814",0.74422902509818
"hsa-mir-299, mature,MIMAT0002890",0.74422902509818
"hsa-mir-6508, mature,MIMAT0025473",0.74422902509818
"hsa-mir-6507, mature,MIMAT0025471",0.744834917464838
"hsa-mir-6717, mature,MIMAT0025846",0.744834917464838
"hsa-mir-3126, mature,MIMAT0015377",0.745281099118722
"hsa-mir-1245a, mature,MIMAT0005897",0.7480941331336
"hsa-mir-329-2, mature,MIMAT0026555",0.75111444381349
"hsa-mir-23c, mature,MIMAT0018000",0.751230226738477
"hsa-mir-15a, mature,MIMAT0004488",0.754025498387214
"hsa-mir-2114, mature,MIMAT0011157",0.754025498387214
"hsa-mir-7155, mature,MIMAT0028221",0.759579708458846
"hsa-mir-145, stemloop",0.766357726626906
"hsa-mir-3199-1, unannotated",0.766357726626906
"hsa-mir-4536-1, mature,MIMAT0020959",0.766357726626906
"hsa-mir-4533, mature,MIMAT0019072",0.766879004169221
"hsa-mir-376b, mature,MIMAT0002172",0.769563561002156
"hsa-mir-4763, mature,MIMAT0019912",0.769563561002156
"hsa-mir-484, mature,MIMAT0002174",0.769563561002156
"hsa-mir-937, mature,MIMAT0004980",0.769563561002156
"hsa-mir-130b, mature,MIMAT0004680",0.775436444407728
"hsa-mir-3194, mature,MIMAT0015078",0.775436444407728
"hsa-mir-548ba, mature,MIMAT0031175",0.775436444407728
"hsa-mir-340, mature,MIMAT0004692",0.775520682179888
"hsa-mir-4775, mature,MIMAT0019931",0.778009796576493
"hsa-mir-7152, mature,MIMAT0028214",0.779374012338983
"hsa-mir-887, mature,MIMAT0026720",0.779374012338983
"hsa-mir-3129, mature,MIMAT0014992",0.779853817888991
"hsa-mir-4536-2, mature,MIMAT0020959",0.782500401120539
"hsa-mir-4649, mature,MIMAT0019711",0.782754700807916
"hsa-mir-6769a, mature,MIMAT0027439",0.787814267406122
"hsa-mir-196a-1, unannotated",0.787963431178939
"hsa-mir-6784, mature,MIMAT0027469",0.788405304910248
"hsa-mir-149, mature,MIMAT0000450",0.788617445192754
"hsa-mir-2355, mature,MIMAT0017950",0.788617445192754
"hsa-mir-3605, mature,MIMAT0017981",0.788617445192754
"hsa-mir-379, stemloop",0.788617445192754
"hsa-mir-4254, mature,MIMAT0016884",0.788617445192754
"hsa-mir-335, mature,MIMAT0004703",0.788686436824805
"hsa-mir-3620, mature,MIMAT0022967",0.792767076344701
"hsa-mir-4699, mature,MIMAT0019795",0.792767076344701
"hsa-mir-503, precursor",0.792767076344701
"hsa-mir-548l, mature,MIMAT0005889",0.792767076344701
"hsa-mir-1260b, mature,MIMAT0015041",0.792799030704372
"hsa-mir-328, precursor",0.792799030704372
"hsa-mir-6723, mature,MIMAT0025855",0.792799030704372
"hsa-mir-6837, mature,MIMAT0027576",0.792799030704372
"hsa-mir-3911, mature,MIMAT0018185",0.798534666076465
"hsa-mir-4788, mature,MIMAT0019958",0.798701306355126
"hsa-mir-145, precursor",0.799684733425787
"hsa-mir-1265, mature,MIMAT0005918",0.799691396487351
"hsa-mir-24-2, precursor",0.799691396487351
"hsa-mir-466, unannotated",0.799691396487351
"hsa-mir-487a, mature,MIMAT0002178",0.799691396487351
"hsa-mir-548q, mature,MIMAT0011163",0.800593020564697
"hsa-mir-556, mature,MIMAT0004793",0.801620142181521
"hsa-mir-6832, mature,MIMAT0027565",0.801730365425091
"hsa-mir-128-1, mature,MIMAT0000424",0.804757059610126
"hsa-mir-5696, mature,MIMAT0022489",0.804757059610126
"hsa-mir-6763, mature,MIMAT0027426",0.804757059610126
"hsa-mir-766, mature,MIMAT0022714",0.804757059610126
"hsa-let-7b, mature,MIMAT0004482",0.81114300389723
"hsa-let-7g, mature,MIMAT0000414",0.81114300389723
"hsa-mir-29c, mature,MIMAT0004673",0.81114300389723
"hsa-mir-130b, mature,MIMAT0000691",0.813632822295662
"hsa-mir-495, mature,MIMAT0002817",0.830851648722195
"hsa-mir-6807, mature,MIMAT0027514",0.838963543489102
"hsa-mir-1264, mature,MIMAT0005791",0.841175364573054
"hsa-mir-1296, mature,MIMAT0005794",0.844558394332128
"hsa-mir-1911, mature,MIMAT0007886",0.844558394332128
"hsa-mir-380, mature,MIMAT0000735",0.846455267930802
"hsa-mir-376c, mature,MIMAT0000720",0.850859782347921
"hsa-mir-7112, mature,MIMAT0028122",0.852509052315566
"hsa-mir-1185-2, mature,MIMAT0022713",0.860185478976558
"hsa-mir-483, mature,MIMAT0004761",0.860282349952837
"hsa-mir-539, mature,MIMAT0022705",0.860282349952837
"hsa-mir-140, mature,MIMAT0000431",0.860426450210779
"hsa-mir-4326, unannotated",0.86069291861415
"hsa-mir-1912, unannotated",0.86231478002238
"hsa-mir-3939, mature,MIMAT0018355",0.86231478002238
"hsa-mir-153-1, mature,MIMAT0000439",0.866685575376465
"hsa-mir-7-2, mature,MIMAT0004554",0.866685575376465
"hsa-let-7f-1, mature,MIMAT0004486",0.867503977567999
"hsa-mir-126, stemloop",0.867779858686547
"hsa-mir-4431, mature,MIMAT0018947",0.867779858686547
"hsa-mir-1228, mature,MIMAT0005582",0.887395910371714
"hsa-mir-103a-2, mature,MIMAT0009196",0.893817265713579
"hsa-mir-765, mature,MIMAT0003945",0.900967262206465
"hsa-mir-216a, mature,MIMAT0000273",0.905793810963058
"hsa-mir-6735, mature,MIMAT0027371",0.908947504627103
"hsa-mir-1301, mature,MIMAT0026639",0.911193150950007
"hsa-mir-6877, mature,MIMAT0027654",0.915115453697693
"hsa-mir-543, unannotated",0.919189274793027
"hsa-mir-670, mature,MIMAT0026640",0.919189274793027
"hsa-mir-489, mature,MIMAT0002805",0.91939544103994
"hsa-mir-128-2, mature,MIMAT0000424",0.926581729758422
"hsa-mir-665, mature,MIMAT0004952",0.926747033360433
"hsa-mir-3677, mature,MIMAT0018101",0.927411660647258
"hsa-mir-221, mature,MIMAT0004568",0.929191823369727
"hsa-mir-296, mature,MIMAT0000690",0.929191823369727
"hsa-mir-301b, mature,MIMAT0004958",0.929191823369727
"hsa-mir-1197, mature,MIMAT0005955",0.936039264026812
"hsa-mir-4746, mature,MIMAT0019880",0.937265027815543
"hsa-mir-6747, mature,MIMAT0027395",0.943589223668434
"hsa-mir-30d, mature,MIMAT0004551",0.944440647304643
"hsa-mir-660, mature,MIMAT0022711",0.948979269863431
"hsa-mir-1228, mature,MIMAT0005583",0.949129044605151
"hsa-mir-4660, mature,MIMAT0019728",0.949129044605151
"hsa-mir-4691, mature,MIMAT0019782",0.949129044605151
"hsa-mir-4423, mature,MIMAT0019232",0.95380487847246
"hsa-mir-627, mature,MIMAT0026623",0.95380487847246
"hsa-mir-552, mature,MIMAT0003215",0.955097122392999
"hsa-mir-5696, unannotated",0.955097122392999
"hsa-mir-6820, mature,MIMAT0027541",0.957308635338858
"hsa-mir-362, mature,MIMAT0004683",0.959774096689192
"hsa-mir-5010, mature,MIMAT0021044",0.959774096689192
"hsa-mir-6755, mature,MIMAT0027410",0.959774096689192
"hsa-mir-153-2, mature,MIMAT0000439",0.960598435348212
"hsa-mir-3913-2, mature,MIMAT0019225",0.960598435348212
"hsa-mir-6798, mature,MIMAT0027497",0.962812991242084
"hsa-mir-3157, mature,MIMAT0015031",0.963370258337011
"hsa-mir-132, mature,MIMAT0004594",0.965937582447626
"hsa-mir-3613, mature,MIMAT0017990",0.966468705990876
"hsa-mir-664b, mature,MIMAT0022272",0.966838094795198
"hsa-mir-181c, mature,MIMAT0004559",0.971807600024492
"hsa-mir-653, mature,MIMAT0003328",0.972877023208624
"hsa-mir-548v, mature,MIMAT0015020",0.972920999091465
"hsa-mir-190b, mature,MIMAT0004929",0.973543725787774
"hsa-mir-552, mature,MIMAT0026615",0.973543725787774
"hsa-mir-561, mature,MIMAT0022706",0.974849592796947
"hsa-mir-2355, mature,MIMAT0016895",0.977404694434377
"hsa-mir-655, mature,MIMAT0003331",0.980555530614129
"hsa-mir-6895, mature,MIMAT0027691",0.980555530614129
"hsa-mir-491, mature,MIMAT0004765",0.984837167134002
"hsa-mir-497, mature,MIMAT0004768",0.987999682075854
"hsa-mir-1255a, unannotated",0.989425567817795
"hsa-mir-197, mature,MIMAT0000227",0.991790551332822
"hsa-mir-551a, unannotated",0.993031520640992
"hsa-mir-543, mature,MIMAT0004954",0.99841293815519
"hsa-mir-3127, mature,MIMAT0014990",0.999301103673245
"hsa-mir-301b, mature,MIMAT0032026",0.99965141237237
"hsa-mir-5684, mature,MIMAT0022473",0.99965141237237
"hsa-mir-5703, mature,MIMAT0022496",0.99965141237237
"hsa-let-7b, precursor",NA
"hsa-mir-1-2, unannotated",NA
"hsa-mir-1180, mature,MIMAT0026735",NA
"hsa-mir-1225, mature,MIMAT0005573",NA
"hsa-mir-1251, mature,MIMAT0026741",NA
"hsa-mir-1264, unannotated",NA
"hsa-mir-129-1, mature,MIMAT0000242",NA
"hsa-mir-129-2, mature,MIMAT0000242",NA
"hsa-mir-129-2, mature,MIMAT0004605",NA
"hsa-mir-1298, mature,MIMAT0005800",NA
"hsa-mir-1298, mature,MIMAT0026641",NA
"hsa-mir-135a-1, precursor",NA
"hsa-mir-138-2, precursor",NA
"hsa-mir-140, precursor",NA
"hsa-mir-1911, mature,MIMAT0007885",NA
"hsa-mir-1912, mature,MIMAT0007887",NA
"hsa-mir-208a, mature,MIMAT0000241",NA
"hsa-mir-216b, mature,MIMAT0004959",NA
"hsa-mir-218-2, mature,MIMAT0004566",NA
"hsa-mir-219a-2, mature,MIMAT0000276",NA
"hsa-mir-3074, mature,MIMAT0015027",NA
"hsa-mir-3139, mature,MIMAT0015007",NA
"hsa-mir-3150a, mature,MIMAT0019206",NA
"hsa-mir-3188, mature,MIMAT0015070",NA
"hsa-mir-335, precursor",NA
"hsa-mir-33a, stemloop",NA
"hsa-mir-3606, mature,MIMAT0017983",NA
"hsa-mir-383, mature,MIMAT0026485",NA
"hsa-mir-3914-1, mature,MIMAT0018188",NA
"hsa-mir-3943, mature,MIMAT0018359",NA
"hsa-mir-4286, mature,MIMAT0016916",NA
"hsa-mir-4421, mature,MIMAT0018934",NA
"hsa-mir-4469, mature,MIMAT0018996",NA
"hsa-mir-4482, mature,MIMAT0019016",NA
"hsa-mir-449a, unannotated",NA
"hsa-mir-449b, mature,MIMAT0003327",NA
"hsa-mir-449c, mature,MIMAT0010251",NA
"hsa-mir-4525, unannotated",NA
"hsa-mir-4647, mature,MIMAT0019709",NA
"hsa-mir-4674, mature,MIMAT0019756",NA
"hsa-mir-4714, mature,MIMAT0019823",NA
"hsa-mir-4726, mature,MIMAT0019845",NA
"hsa-mir-4754, mature,MIMAT0019894",NA
"hsa-mir-4757, mature,MIMAT0019901",NA
"hsa-mir-4773-1, unannotated",NA
"hsa-mir-4773-2, unannotated",NA
"hsa-mir-4786, mature,MIMAT0019955",NA
"hsa-mir-4794, unannotated",NA
"hsa-mir-4796, mature,MIMAT0019970",NA
"hsa-mir-4804, mature,MIMAT0019985",NA
"hsa-mir-5010, mature,MIMAT0021043",NA
"hsa-mir-509-3, mature,MIMAT0004975",NA
"hsa-mir-548ag-2, unannotated",NA
"hsa-mir-548e, mature,MIMAT0026736",NA
"hsa-mir-5580, mature,MIMAT0022274",NA
"hsa-mir-578, mature,MIMAT0003243",NA
"hsa-mir-588, unannotated",NA
"hsa-mir-592, mature,MIMAT0003260",NA
"hsa-mir-6499, mature,MIMAT0025451",NA
"hsa-mir-6514, mature,MIMAT0025485",NA
"hsa-mir-6720, mature,MIMAT0027345",NA
"hsa-mir-6726, mature,MIMAT0027354",NA
"hsa-mir-6730, mature,MIMAT0027362",NA
"hsa-mir-6767, mature,MIMAT0027434",NA
"hsa-mir-6783, mature,MIMAT0027466",NA
"hsa-mir-6807, mature,MIMAT0027515",NA
"hsa-mir-6818, mature,MIMAT0027536",NA
"hsa-mir-6818, mature,MIMAT0027537",NA
"hsa-mir-6871, mature,MIMAT0027642",NA
"hsa-mir-6874, mature,MIMAT0027648",NA
"hsa-mir-7110, mature,MIMAT0028118",NA
"hsa-mir-7152, mature,MIMAT0028215",NA
"hsa-mir-7976, mature,MIMAT0031179",NA
