"gene_id","gene_name","padj"
"ENSG00000075073.15","TACR2",1.14244446994214e-35
"ENSG00000167676.4","PLIN4",1.99373921758587e-35
"ENSG00000181856.15","SLC2A4",1.99373921758587e-35
"ENSG00000077157.22","PPP1R12B",2.32900787013424e-32
"ENSG00000172403.11","SYNPO2",5.37492868852508e-32
"ENSG00000130176.8","CNN1",6.04542063209046e-24
"ENSG00000065534.19","MYLK",5.45756892460604e-22
"ENSG00000197361.8","FBXL22",5.94789758745998e-22
"ENSG00000162614.19","NEXN",7.93873943875679e-22
"ENSG00000182253.15","SYNM",8.8736361742181e-21
"ENSG00000101115.13","SALL4",1.74028478444979e-20
"ENSG00000137948.18","BRDT",1.8721809411105e-20
"ENSG00000091436.17","MAP3K20",2.12801437862036e-20
"ENSG00000095637.22","SORBS1",2.90880219942435e-20
"ENSG00000148200.17","NR6A1",3.89609125993165e-20
"ENSG00000183963.19","SMTN",4.78061716919254e-20
"ENSG00000121577.14","POPDC2",7.44113456079974e-20
"ENSG00000156804.7","FBXO32",1.15325520839281e-19
"ENSG00000133392.18","MYH11",1.24318787741122e-18
"ENSG00000134323.12","MYCN",2.71181809635393e-18
"ENSG00000163431.13","LMOD1",2.71181809635393e-18
"ENSG00000035403.18","VCL",8.59866742593515e-18
"ENSG00000149591.17","TAGLN",1.92787143851193e-17
"ENSG00000058668.15","ATP2B4",3.66496449774764e-17
"ENSG00000072163.20","LIMS2",7.99156850267285e-17
"ENSG00000167634.12","NLRP7",9.46742614501491e-17
"ENSG00000140416.23","TPM1",1.15557133180802e-16
"ENSG00000101057.16","MYBL2",1.49520930833917e-16
"ENSG00000170627.11","GTSF1",1.60157115998332e-16
"ENSG00000131142.13","CCL25",1.72527377171867e-16
"ENSG00000159176.14","CSRP1",1.72527377171867e-16
"ENSG00000145012.13","LPP",1.85508008593056e-16
"ENSG00000107796.13","ACTA2",4.26824924220339e-16
"ENSG00000136872.20","ALDOB",4.44344200362198e-16
"ENSG00000145936.9","KCNMB1",4.62229122867559e-16
"ENSG00000283567.1","C19orf85",5.1154169974925e-16
"ENSG00000135355.4","GJA10",1.50179031511121e-15
"ENSG00000152642.11","GPD1L",1.91146146789609e-15
"ENSG00000213889.10","PPM1N",2.51956518321342e-15
"ENSG00000077152.11","UBE2T",2.53697121109616e-15
"ENSG00000100490.9","CDKL1",2.53697121109616e-15
"ENSG00000168497.5","CAVIN2",2.87055274230542e-15
"ENSG00000285868.1","AC008676.3",3.22666449222262e-15
"ENSG00000095303.17","PTGS1",3.5644115940971e-15
"ENSG00000154678.18","PDE1C",3.97186865133068e-15
"ENSG00000135842.17","NIBAN1",1.55240774651168e-14
"ENSG00000162551.14","ALPL",1.64885578741965e-14
"ENSG00000157551.19","KCNJ15",1.81298264821227e-14
"ENSG00000163820.15","FYCO1",2.02494314374191e-14
"ENSG00000105641.4","SLC5A5",2.78863960893432e-14
"ENSG00000162433.15","AK4",2.92176533783604e-14
"ENSG00000174099.12","MSRB3",3.66636511254361e-14
"ENSG00000139351.15","SYCP3",3.70332358465522e-14
"ENSG00000101335.10","MYL9",6.17361669685173e-14
"ENSG00000163286.9","ALPG",6.17361669685173e-14
"ENSG00000112273.7","HDGFL1",6.35608479743339e-14
"ENSG00000050344.9","NFE2L3",6.46100969773067e-14
"ENSG00000111704.11","NANOG",6.46100969773067e-14
"ENSG00000115163.15","CENPA",6.50838934974314e-14
"ENSG00000181026.15","AEN",7.06832663275788e-14
"ENSG00000180432.6","CYP8B1",8.58185656045902e-14
"ENSG00000183696.14","UPP1",1.12451236449029e-13
"ENSG00000079308.19","TNS1",1.24412599083218e-13
"ENSG00000108106.14","UBE2S",1.24412599083218e-13
"ENSG00000102021.11","LUZP4",1.5607780900478e-13
"ENSG00000164045.12","CDC25A",1.80054187921069e-13
"ENSG00000130208.9","APOC1",1.93795535085592e-13
"ENSG00000198467.16","TPM2",2.25943457741027e-13
"ENSG00000258405.11","ZNF578",2.70519385155454e-13
"ENSG00000154839.10","SKA1",4.37104818965931e-13
"ENSG00000151650.8","VENTX",5.36690112578406e-13
"ENSG00000102096.9","PIM2",5.71083456582582e-13
"ENSG00000196924.19","FLNA",5.71083456582582e-13
"ENSG00000175832.13","ETV4",7.402541021233e-13
"ENSG00000058272.19","PPP1R12A",7.41679251764231e-13
"ENSG00000176979.14","TRIM60",7.45355951338082e-13
"ENSG00000169548.3","ZNF280A",9.12276105799948e-13
"ENSG00000164744.13","SUN3",1.25158352900449e-12
"ENSG00000131471.7","AOC3",1.29453519743408e-12
"ENSG00000129116.19","PALLD",1.39006800154613e-12
"ENSG00000183765.23","CHEK2",1.44941625840233e-12
"ENSG00000177398.18","UMODL1",1.72606896570071e-12
"ENSG00000119938.9","PPP1R3C",1.85397041396463e-12
"ENSG00000214107.8","MAGEB1",1.93197459806352e-12
"ENSG00000159055.4","MIS18A",1.94701252322087e-12
"ENSG00000082196.21","C1QTNF3",2.01691313994487e-12
"ENSG00000140682.19","TGFB1I1",2.10946245493495e-12
"ENSG00000146839.19","ZAN",2.43907303484393e-12
"ENSG00000130203.10","APOE",3.16666160571921e-12
"ENSG00000158683.9","PKD1L1",4.18138821175883e-12
"ENSG00000170684.9","ZNF296",4.79076463985227e-12
"ENSG00000141255.13","SPATA22",7.17381551596101e-12
"ENSG00000127423.11","AUNIP",7.68124889994431e-12
"ENSG00000105141.6","CASP14",8.7805306631477e-12
"ENSG00000163297.17","ANTXR2",9.98661008273226e-12
"ENSG00000111540.16","RAB5B",1.00984341219803e-11
"ENSG00000146670.10","CDCA5",1.03213063198171e-11
"ENSG00000174282.12","ZBTB4",1.03213063198171e-11
"ENSG00000178445.10","GLDC",1.1231635847201e-11
"ENSG00000122786.20","CALD1",1.66020746577001e-11
"ENSG00000255192.6","NANOGP8",1.68080366668394e-11
"ENSG00000099822.3","HCN2",1.71665688851271e-11
"ENSG00000117877.11","POLR1G",2.23157001475703e-11
"ENSG00000183747.12","ACSM2A",2.62020380424335e-11
"ENSG00000186871.7","ERCC6L",2.90745086962913e-11
"ENSG00000188883.5","KLRG2",2.90745086962913e-11
"ENSG00000072195.15","SPEG",3.03406595129741e-11
"ENSG00000158246.8","TENT5B",3.08160469567801e-11
"ENSG00000175084.12","DES",3.27396832136141e-11
"ENSG00000127561.15","SYNGR3",3.45871971934892e-11
"ENSG00000075702.18","WDR62",3.46131550678259e-11
"ENSG00000160224.17","AIRE",3.79899413551548e-11
"ENSG00000022556.16","NLRP2",4.03091566344438e-11
"ENSG00000160111.14","CPAMD8",4.06383508129676e-11
"ENSG00000240563.2","L1TD1",4.54424751020495e-11
"ENSG00000181274.7","FRAT2",5.18612728848355e-11
"ENSG00000279170.3","TSTD3",5.25525576060249e-11
"ENSG00000169635.10","HIC2",5.32163021517525e-11
"ENSG00000182521.5","TBPL2",6.26511800877995e-11
"ENSG00000203995.10","ZYG11A",6.41083240222604e-11
"ENSG00000240771.8","ARHGEF25",6.41083240222604e-11
"ENSG00000130204.13","TOMM40",6.85050614142528e-11
"ENSG00000103710.11","RASL12",6.91690257104559e-11
"ENSG00000176302.13","FOXR1",6.91690257104559e-11
"ENSG00000269343.9","ZNF587B",7.26648546709195e-11
"ENSG00000143452.16","HORMAD1",8.08652973273152e-11
"ENSG00000022267.19","FHL1",9.49556525943423e-11
"ENSG00000059915.17","PSD",9.6184591146515e-11
"ENSG00000106624.11","AEBP1",1.01748349488258e-10
"ENSG00000154229.12","PRKCA",1.01748349488258e-10
"ENSG00000139998.16","RAB15",1.02139976581277e-10
"ENSG00000163171.8","CDC42EP3",1.23353666716716e-10
"ENSG00000185792.10","NLRP9",1.23353666716716e-10
"ENSG00000163283.7","ALPP",1.23434716530411e-10
"ENSG00000171612.7","SLC25A33",1.41222416162123e-10
"ENSG00000121067.19","SPOP",1.50731733537855e-10
"ENSG00000181896.12","ZNF101",1.58467811062587e-10
"ENSG00000140798.16","ABCC12",1.6169293314608e-10
"ENSG00000242950.7","ERVW-1",1.68540970962726e-10
"ENSG00000099994.11","SUSD2",1.69233145003616e-10
"ENSG00000105370.8","LIM2",1.69268528056811e-10
"ENSG00000130940.15","CASZ1",1.74833673789731e-10
"ENSG00000197256.11","KANK2",2.00903423040422e-10
"ENSG00000179715.13","PCED1B",2.0099250514233e-10
"ENSG00000162399.9","BSND",2.06449914629576e-10
"ENSG00000273604.2","EPOP",2.79349024678893e-10
"ENSG00000197905.10","TEAD4",2.79776973792107e-10
"ENSG00000221866.9","PLXNA4",2.89737049951982e-10
"ENSG00000167600.14","CYP2S1",2.9820724347015e-10
"ENSG00000163440.12","PDCL2",3.00249305025748e-10
"ENSG00000129991.13","TNNI3",3.02807489355383e-10
"ENSG00000104147.9","OIP5",3.0443404976276e-10
"ENSG00000144554.12","FANCD2",3.10903049452278e-10
"ENSG00000204538.4","PSORS1C2",3.10903049452278e-10
"ENSG00000101605.13","MYOM1",3.28603328127837e-10
"ENSG00000134198.10","TSPAN2",3.28884333476632e-10
"ENSG00000160999.10","SH2B2",3.28884333476632e-10
"ENSG00000099821.14","POLRMT",3.34269885606220e-10
"ENSG00000076248.11","UNG",3.44423448036507e-10
"ENSG00000126249.8","PDCD2L",4.59968372041965e-10
"ENSG00000114767.7","RRP9",4.88939657518619e-10
"ENSG00000104804.8","TULP2",5.29641744230733e-10
"ENSG00000237521.3","OR7E24",5.29641744230733e-10
"ENSG00000104814.13","MAP4K1",5.38887268096669e-10
"ENSG00000077348.9","EXOSC5",5.75943203928378e-10
"ENSG00000087274.17","ADD1",6.35187117751344e-10
"ENSG00000123405.14","NFE2",6.3744185320974e-10
"ENSG00000213231.13","TCL1B",6.38008968414204e-10
"ENSG00000170653.19","ATF7",6.52445321787456e-10
"ENSG00000179954.16","SSC5D",6.52445321787456e-10
"ENSG00000204531.20","POU5F1",6.5499319205381e-10
"ENSG00000187808.5","SOWAHD",6.78858127230611e-10
"ENSG00000178409.14","BEND3",6.83849683509362e-10
"ENSG00000164512.18","ANKRD55",6.92670580379821e-10
"ENSG00000154143.3","PANX3",6.98605269050498e-10
"ENSG00000095002.15","MSH2",7.60105571346176e-10
"ENSG00000171385.10","KCND3",7.79784077254405e-10
"ENSG00000116544.12","DLGAP3",8.21831782852896e-10
"ENSG00000197124.12","ZNF682",8.48236592192259e-10
"ENSG00000132972.19","RNF17",8.68621215448794e-10
"ENSG00000215148.11","PRSS41",8.94398177212841e-10
"ENSG00000197614.11","MFAP5",9.32535610379633e-10
"ENSG00000147526.20","TACC1",9.97826191596536e-10
"ENSG00000161547.17","SRSF2",9.9789160006222e-10
"ENSG00000255639.3","AC005833.1",1.06987720742195e-09
"ENSG00000170748.7","RBMXL2",1.10119808880114e-09
"ENSG00000126453.9","BCL2L12",1.11527919374346e-09
"ENSG00000012822.16","CALCOCO1",1.25952290091461e-09
"ENSG00000198554.12","WDHD1",1.25952290091461e-09
"ENSG00000051180.17","RAD51",1.3236068138273e-09
"ENSG00000198523.6","PLN",1.35253173733782e-09
"ENSG00000106617.15","PRKAG2",1.4254015107997e-09
"ENSG00000166923.12","GREM1",1.44385319516952e-09
"ENSG00000189430.13","NCR1",1.50191318549015e-09
"ENSG00000101695.9","RNF125",1.6206199858869e-09
"ENSG00000149596.7","JPH2",1.6206199858869e-09
"ENSG00000135248.15","FAM71F1",1.69072471747023e-09
"ENSG00000126351.13","THRA",1.71053958195665e-09
"ENSG00000123243.15","ITIH5",1.78127072852753e-09
"ENSG00000116741.8","RGS2",1.81851493223081e-09
"ENSG00000141052.18","MYOCD",1.93161179114009e-09
"ENSG00000172380.6","GNG12",1.95740964217734e-09
"ENSG00000198915.12","RASGEF1A",1.97112229676429e-09
"ENSG00000156261.13","CCT8",2.01719911142032e-09
"ENSG00000173641.18","HSPB7",2.10524256601553e-09
"ENSG00000115241.11","PPM1G",2.15116377866492e-09
"ENSG00000099399.6","MAGEB2",2.16404313588907e-09
"ENSG00000085563.15","ABCB1",2.18187313580374e-09
"ENSG00000179361.18","ARID3B",2.24882837766902e-09
"ENSG00000133980.5","VRTN",2.25201875083243e-09
"ENSG00000139304.16","PTPRQ",2.43259993590754e-09
"ENSG00000130726.12","TRIM28",2.50869085636395e-09
"ENSG00000064547.14","LPAR2",2.56205652365512e-09
"ENSG00000169282.18","KCNAB1",2.57920969548712e-09
"ENSG00000136244.12","IL6",2.60542184203897e-09
"ENSG00000091651.9","ORC6",2.760488736817e-09
"ENSG00000206557.6","TRIM71",2.88406159975434e-09
"ENSG00000196449.4","YRDC",2.91625563237013e-09
"ENSG00000142910.16","TINAGL1",2.98468507595109e-09
"ENSG00000163017.14","ACTG2",3.06073619638495e-09
"ENSG00000101361.17","NOP56",3.0884060441933e-09
"ENSG00000196172.9","ZNF681",3.24029946908605e-09
"ENSG00000100884.9","CPNE6",3.27812392726228e-09
"ENSG00000147432.7","CHRNB3",3.33328906419061e-09
"ENSG00000006634.8","DBF4",3.45001351433393e-09
"ENSG00000204710.2","SPDYC",3.48398873108622e-09
"ENSG00000170819.5","BFSP2",3.58480593248289e-09
"ENSG00000204406.14","MBD5",3.58480593248289e-09
"ENSG00000171794.4","UTF1",3.66632163471591e-09
"ENSG00000173262.12","SLC2A14",3.66632163471591e-09
"ENSG00000090932.11","DLL3",3.67783110583558e-09
"ENSG00000168496.4","FEN1",3.73729640469384e-09
"ENSG00000254858.10","MPV17L2",3.96647345276403e-09
"ENSG00000159753.14","CARMIL2",4.04142519101867e-09
"ENSG00000196923.14","PDLIM7",4.06622390784328e-09
"ENSG00000134758.14","RNF138",4.62883473771903e-09
"ENSG00000119969.15","HELLS",4.76679945370355e-09
"ENSG00000161609.10","KASH5",4.76710594677938e-09
"ENSG00000052749.14","RRP12",4.82154588464014e-09
"ENSG00000080007.8","DDX43",4.82154588464014e-09
"ENSG00000184635.16","ZNF93",4.95440625675685e-09
"ENSG00000123485.12","HJURP",5.00784703371678e-09
"ENSG00000239620.3","PRR20G",5.040571732405e-09
"ENSG00000160877.6","NACC1",5.05732285694349e-09
"ENSG00000187690.4","EZHIP",5.13826677346179e-09
"ENSG00000149054.16","ZNF215",5.53145178847176e-09
"ENSG00000262874.2","C19orf84",5.5537627683161e-09
"ENSG00000146731.11","CCT6A",5.73161489219701e-09
"ENSG00000138074.15","SLC5A6",5.90435000811728e-09
"ENSG00000115896.16","PLCL1",5.97451301208536e-09
"ENSG00000011454.18","RABGAP1",6.12297642843086e-09
"ENSG00000187720.14","THSD4",6.12297642843086e-09
"ENSG00000138363.15","ATIC",6.17131547861543e-09
"ENSG00000164299.7","SPZ1",6.23741914271072e-09
"ENSG00000106268.15","NUDT1",6.50109797882742e-09
"ENSG00000176566.5","DCAF4L2",6.73982013653211e-09
"ENSG00000103319.12","EEF2K",6.74801364303015e-09
"ENSG00000102996.5","MMP15",6.79545451742381e-09
"ENSG00000155906.19","RMND1",6.81040719658767e-09
"ENSG00000149554.13","CHEK1",6.85201445242234e-09
"ENSG00000203909.4","DPPA5",6.85201445242234e-09
"ENSG00000068976.14","PYGM",6.88728494328818e-09
"ENSG00000183023.18","SLC8A1",6.9758190415825e-09
"ENSG00000140519.14","RHCG",7.36335560704661e-09
"ENSG00000116691.11","MIIP",7.79074424263175e-09
"ENSG00000185686.18","PRAME",8.33685331432292e-09
"ENSG00000142405.22","NLRP12",8.38293397641953e-09
"ENSG00000138735.16","PDE5A",8.58204933826856e-09
"ENSG00000066248.15","NGEF",8.61154979516137e-09
"ENSG00000123975.5","CKS2",8.69098094695366e-09
"ENSG00000165410.15","CFL2",9.63884809235099e-09
"ENSG00000169213.7","RAB3B",9.93838040671356e-09
"ENSG00000182481.10","KPNA2",1.02846194134424e-08
"ENSG00000203907.9","OOEP",1.02846194134424e-08
"ENSG00000183527.12","PSMG1",1.03218571450727e-08
"ENSG00000136270.14","TBRG4",1.0407348591605e-08
"ENSG00000166527.8","CLEC4D",1.13676847919881e-08
"ENSG00000174718.12","RESF1",1.17105683944955e-08
"ENSG00000106392.11","C1GALT1",1.22347813614028e-08
"ENSG00000218819.6","TDRD15",1.22347813614028e-08
"ENSG00000105676.14","ARMC6",1.2360725050989e-08
"ENSG00000189410.12","SH2D5",1.25293729147585e-08
"ENSG00000143549.21","TPM3",1.27218724047113e-08
"ENSG00000164188.9","RANBP3L",1.28402756536388e-08
"ENSG00000152454.4","ZNF256",1.38845639661637e-08
"ENSG00000182173.13","TSEN54",1.38845639661637e-08
"ENSG00000145907.16","G3BP1",1.43014176009717e-08
"ENSG00000108849.8","PPY",1.47176680527263e-08
"ENSG00000165724.6","ZMYND19",1.51122362676732e-08
"ENSG00000091622.16","PITPNM3",1.53032947569776e-08
"ENSG00000170537.13","TMC7",1.55596549963408e-08
"ENSG00000180801.14","ARSJ",1.56757392703738e-08
"ENSG00000144230.16","GPR17",1.57683901791561e-08
"ENSG00000086300.16","SNX10",1.6059317643083e-08
"ENSG00000123136.15","DDX39A",1.65049390519634e-08
"ENSG00000125319.15","HROB",1.65713231357954e-08
"ENSG00000093009.11","CDC45",1.67363661641397e-08
"ENSG00000095627.9","TDRD1",1.76821629940582e-08
"ENSG00000152670.19","DDX4",1.76821629940582e-08
"ENSG00000162976.13","SLC66A3",1.76821629940582e-08
"ENSG00000169116.11","PARM1",1.7743156364913e-08
"ENSG00000146083.12","RNF44",1.80793450084376e-08
"ENSG00000166734.20","GOLM2",1.82429093472107e-08
"ENSG00000100297.16","MCM5",1.83285868239093e-08
"ENSG00000170153.11","RNF150",1.95624737432087e-08
"ENSG00000135912.11","TTLL4",1.9759651869329e-08
"ENSG00000137090.12","DMRT1",1.99793940670424e-08
"ENSG00000154814.14","OXNAD1",2.0031982454819e-08
"ENSG00000234511.10","C5orf58",2.00632985910157e-08
"ENSG00000185052.12","SLC24A3",2.01136291259947e-08
"ENSG00000183741.12","CBX6",2.06528581850557e-08
"ENSG00000179046.8","TRIML2",2.07141575740845e-08
"ENSG00000177192.14","PUS1",2.12258466090782e-08
"ENSG00000118729.12","CASQ2",2.15210690545499e-08
"ENSG00000129911.9","KLF16",2.31489677970489e-08
"ENSG00000197321.15","SVIL",2.31489677970489e-08
"ENSG00000154330.13","PGM5",2.33400923809439e-08
"ENSG00000131979.20","GCH1",2.67517801696545e-08
"ENSG00000105889.16","STEAP1B",2.8595816432596e-08
"ENSG00000141905.19","NFIC",2.8595816432596e-08
"ENSG00000154553.16","PDLIM3",2.8595816432596e-08
"ENSG00000146453.13","PNLDC1",3.00703954190983e-08
"ENSG00000069998.12","HDHD5",3.04191646651908e-08
"ENSG00000180116.15","C12orf40",3.05091357858624e-08
"ENSG00000138646.9","HERC5",3.05760309351839e-08
"ENSG00000100721.11","TCL1A",3.13074296128087e-08
"ENSG00000173258.13","ZNF483",3.15796077187513e-08
"ENSG00000138035.15","PNPT1",3.27993893807974e-08
"ENSG00000136273.13","HUS1",3.30580422065217e-08
"ENSG00000125835.19","SNRPB",3.33456627267585e-08
"ENSG00000130520.11","LSM4",3.34564539452675e-08
"ENSG00000188822.8","CNR2",3.34564539452675e-08
"ENSG00000141384.13","TAF4B",3.35654614933416e-08
"ENSG00000100410.8","PHF5A",3.36295179923907e-08
"ENSG00000167550.11","RHEBL1",3.36295179923907e-08
"ENSG00000124207.17","CSE1L",3.38486687305637e-08
"ENSG00000163825.4","RTP3",3.40569448760513e-08
"ENSG00000213853.10","EMP2",3.41362822256403e-08
"ENSG00000151067.22","CACNA1C",3.45963660419031e-08
"ENSG00000129194.8","SOX15",3.62116938422602e-08
"ENSG00000143520.6","FLG2",3.66466159760583e-08
"ENSG00000165091.18","TMC1",3.70109432379661e-08
"ENSG00000154997.9","SEPTIN14",3.72623065615511e-08
"ENSG00000197852.12","INKA2",3.83296186532107e-08
"ENSG00000177469.13","CAVIN1",3.85290473626254e-08
"ENSG00000135045.7","C9orf40",3.85816323420823e-08
"ENSG00000118520.15","ARG1",3.8666390744125e-08
"ENSG00000183439.9","TRIM61",3.89300230994473e-08
"ENSG00000119203.14","CPSF3",3.92111063972404e-08
"ENSG00000136167.15","LCP1",4.03811125059434e-08
"ENSG00000163467.12","TSACC",4.04155847836221e-08
"ENSG00000134215.16","VAV3",4.21765511830062e-08
"ENSG00000197381.16","ADARB1",4.26480707362907e-08
"ENSG00000179059.10","ZFP42",4.35987828893825e-08
"ENSG00000167311.14","ART5",4.49554545922644e-08
"ENSG00000004779.10","NDUFAB1",4.62690400109082e-08
"ENSG00000180875.5","GREM2",4.75445989001679e-08
"ENSG00000214357.9","NEURL1B",4.79445673863212e-08
"ENSG00000115875.19","SRSF7",4.83661690549464e-08
"ENSG00000156113.24","KCNMA1",5.01363294256598e-08
"ENSG00000123739.11","PLA2G12A",5.02118490585517e-08
"ENSG00000184307.16","ZDHHC23",5.02118490585517e-08
"ENSG00000196917.6","HCAR1",5.02118490585517e-08
"ENSG00000124787.14","RPP40",5.28815739121039e-08
"ENSG00000089351.14","GRAMD1A",5.55266019389607e-08
"ENSG00000159217.10","IGF2BP1",5.55440009533075e-08
"ENSG00000168386.18","FILIP1L",5.59154242511486e-08
"ENSG00000174611.12","KY",5.60784779527016e-08
"ENSG00000152583.12","SPARCL1",5.62460405014736e-08
"ENSG00000099954.18","CECR2",5.93621045601621e-08
"ENSG00000243244.7","STON1",5.93621045601621e-08
"ENSG00000183807.8","FAM162B",5.9678776215724e-08
"ENSG00000001497.18","LAS1L",6.01759325592702e-08
"ENSG00000229676.3","ZNF492",6.03441691952599e-08
"ENSG00000237452.3","BHMG1",6.14991826988684e-08
"ENSG00000162639.16","HENMT1",6.17528606570764e-08
"ENSG00000148154.10","UGCG",6.21465993069903e-08
"ENSG00000188508.11","KRTDAP",6.50897814556899e-08
"ENSG00000163376.11","KBTBD8",6.52003990102344e-08
"ENSG00000095209.12","TMEM38B",6.56860707825748e-08
"ENSG00000197472.15","ZNF695",6.60140708051039e-08
"ENSG00000141682.12","PMAIP1",7.03307387498657e-08
"ENSG00000182004.13","SNRPE",7.03924541840683e-08
"ENSG00000184697.7","CLDN6",7.03924541840683e-08
"ENSG00000132958.17","TPTE2",7.06748733135219e-08
"ENSG00000165490.13","DDIAS",7.06748733135219e-08
"ENSG00000111291.8","GPRC5D",7.07463194399019e-08
"ENSG00000115541.11","HSPE1",7.07463194399019e-08
"ENSG00000151962.8","RBM46",7.13189987877954e-08
"ENSG00000139132.14","FGD4",7.17534187980007e-08
"ENSG00000152137.8","HSPB8",7.18147496387322e-08
"ENSG00000087088.20","BAX",7.18246739120332e-08
"ENSG00000129810.15","SGO1",7.18737221146113e-08
"ENSG00000184507.16","NUTM1",7.22368717641355e-08
"ENSG00000122367.20","LDB3",7.37127423896034e-08
"ENSG00000156642.17","NPTN",7.41846702546906e-08
"ENSG00000173809.18","TDRD12",7.41846702546906e-08
"ENSG00000100628.12","ASB2",7.48752957688676e-08
"ENSG00000160868.15","CYP3A4",7.48752957688676e-08
"ENSG00000184831.14","APOO",7.48752957688676e-08
"ENSG00000197879.17","MYO1C",7.80967959822667e-08
"ENSG00000185666.15","SYN3",7.85640972935134e-08
"ENSG00000182389.20","CACNB4",8.35810260212624e-08
"ENSG00000100401.20","RANGAP1",8.37715096049593e-08
"ENSG00000122912.15","SLC25A16",8.54208740966713e-08
"ENSG00000224960.5","PPP4R3C",8.54208740966713e-08
"ENSG00000177981.11","ASB8",8.66180961707602e-08
"ENSG00000186103.5","ARGFX",8.91678026249729e-08
"ENSG00000119915.5","ELOVL3",8.98525029293146e-08
"ENSG00000046774.10","MAGEC2",9.00897976472628e-08
"ENSG00000174885.13","NLRP6",9.42120758706382e-08
"ENSG00000284753.2","EEF1AKMT4",9.49894347583358e-08
"ENSG00000196363.9","WDR5",9.76694325185903e-08
"ENSG00000120094.9","HOXB1",9.91945806922636e-08
"ENSG00000101405.3","OXT",1.01509079841512e-07
"ENSG00000117450.15","PRDX1",1.01509079841512e-07
"ENSG00000162174.12","ASRGL1",1.01509079841512e-07
"ENSG00000175899.15","A2M",1.01509079841512e-07
"ENSG00000103175.11","WFDC1",1.02341312492577e-07
"ENSG00000176153.12","GPX2",1.02514397696024e-07
"ENSG00000162063.13","CCNF",1.03544782118352e-07
"ENSG00000185527.12","PDE6G",1.05488484436555e-07
"ENSG00000157303.11","SUSD3",1.06504544521441e-07
"ENSG00000167645.17","YIF1B",1.07257991927838e-07
"ENSG00000167491.17","GATAD2A",1.0762771802571e-07
"ENSG00000165879.9","FRAT1",1.07735159480363e-07
"ENSG00000089195.15","TRMT6",1.0916045345982e-07
"ENSG00000170004.17","CHD3",1.09271139460765e-07
"ENSG00000121931.16","LRIF1",1.09552563760521e-07
"ENSG00000105197.11","TIMM50",1.17626960387851e-07
"ENSG00000159251.8","ACTC1",1.18888311646626e-07
"ENSG00000214336.5","FOXI3",1.18888311646626e-07
"ENSG00000241149.3","ZNF722P",1.18888311646626e-07
"ENSG00000186847.6","KRT14",1.21104142542878e-07
"ENSG00000131094.4","C1QL1",1.21168087849376e-07
"ENSG00000175354.20","PTPN2",1.2363713779494e-07
"ENSG00000163719.20","MTMR14",1.24056482410634e-07
"ENSG00000079841.18","RIMS1",1.32478917540654e-07
"ENSG00000106399.11","RPA3",1.32478917540654e-07
"ENSG00000132768.14","DPH2",1.32478917540654e-07
"ENSG00000160957.14","RECQL4",1.32478917540654e-07
"ENSG00000187556.7","NANOS3",1.3301477961989e-07
"ENSG00000119686.10","FLVCR2",1.33276797532784e-07
"ENSG00000198959.12","TGM2",1.33276797532784e-07
"ENSG00000170606.15","HSPA4",1.38224908097374e-07
"ENSG00000087586.18","AURKA",1.3865617849205e-07
"ENSG00000137076.21","TLN1",1.3865617849205e-07
"ENSG00000156990.14","RPUSD3",1.45317196384402e-07
"ENSG00000100749.8","VRK1",1.50134944908921e-07
"ENSG00000176383.9","B3GNT4",1.50134944908921e-07
"ENSG00000102055.7","PPP1R2C",1.55448721685487e-07
"ENSG00000176834.14","VSIG10",1.55448721685487e-07
"ENSG00000124614.16","RPS10",1.56281554877629e-07
"ENSG00000185585.20","OLFML2A",1.56763998729234e-07
"ENSG00000214324.5","C3orf56",1.57316655164346e-07
"ENSG00000189190.10","ZNF600",1.62315130615481e-07
"ENSG00000173065.13","FAM222B",1.64968642096127e-07
"ENSG00000125207.7","PIWIL1",1.65096750057655e-07
"ENSG00000153044.10","CENPH",1.66854047033986e-07
"ENSG00000184368.16","MAP7D2",1.7200823404097e-07
"ENSG00000164776.10","PHKG1",1.73885750985742e-07
"ENSG00000198841.4","KTI12",1.75622896236519e-07
"ENSG00000185155.12","MIXL1",1.7771577675817e-07
"ENSG00000179104.9","TMTC2",1.83593229756579e-07
"ENSG00000151458.12","ANKRD50",1.86813374625649e-07
"ENSG00000127564.17","PKMYT1",1.88322789931319e-07
"ENSG00000011304.22","PTBP1",1.89008723502008e-07
"ENSG00000164815.11","ORC5",1.93398157046285e-07
"ENSG00000182774.13","RPS17",1.94069410521036e-07
"ENSG00000158008.10","EXTL1",2.0175461041634e-07
"ENSG00000172409.6","CLP1",2.04381263204127e-07
"ENSG00000142182.9","DNMT3L",2.04947333014559e-07
"ENSG00000163468.15","CCT3",2.04947333014559e-07
"ENSG00000169679.15","BUB1",2.06213836796296e-07
"ENSG00000119314.16","PTBP3",2.11447241975634e-07
"ENSG00000166211.8","SPIC",2.12008823385274e-07
"ENSG00000196290.16","NIF3L1",2.15731751749882e-07
"ENSG00000101938.15","CHRDL1",2.16110263283505e-07
"ENSG00000157152.17","SYN2",2.16872465339999e-07
"ENSG00000132017.10","DCAF15",2.177777068873e-07
"ENSG00000182134.16","TDRKH",2.17907367732277e-07
"ENSG00000183580.10","FBXL7",2.18247549541649e-07
"ENSG00000261949.6","GFY",2.18247549541649e-07
"ENSG00000104447.13","TRPS1",2.19500414481708e-07
"ENSG00000104833.12","TUBB4A",2.21529255724727e-07
"ENSG00000100285.10","NEFH",2.25420861403052e-07
"ENSG00000121316.11","PLBD1",2.26135366876691e-07
"ENSG00000080166.16","DCT",2.27489460413986e-07
"ENSG00000126768.12","TIMM17B",2.27649001553345e-07
"ENSG00000203326.12","ZNF525",2.27649001553345e-07
"ENSG00000185885.16","IFITM1",2.34494870531467e-07
"ENSG00000116649.10","SRM",2.383336255415e-07
"ENSG00000162775.16","RBM15",2.42532414836508e-07
"ENSG00000161618.10","ALDH16A1",2.4465215453681e-07
"ENSG00000125912.11","NCLN",2.50294919751596e-07
"ENSG00000015171.20","ZMYND11",2.51486922822021e-07
"ENSG00000172264.17","MACROD2",2.52102798671556e-07
"ENSG00000197961.12","ZNF121",2.52102798671556e-07
"ENSG00000198848.13","CES1",2.53975229658402e-07
"ENSG00000116711.10","PLA2G4A",2.54434909999172e-07
"ENSG00000178718.7","RPP25",2.54434909999172e-07
"ENSG00000196584.3","XRCC2",2.54434909999172e-07
"ENSG00000076382.17","SPAG5",2.62526236973976e-07
"ENSG00000118689.15","FOXO3",2.63375248157019e-07
"ENSG00000054938.16","CHRDL2",2.63554746283417e-07
"ENSG00000152463.15","OLAH",2.63554746283417e-07
"ENSG00000134057.15","CCNB1",2.64295267865108e-07
"ENSG00000156269.5","NAA11",2.66022693729917e-07
"ENSG00000175792.12","RUVBL1",2.74040356450151e-07
"ENSG00000179051.14","RCC2",2.77391208120493e-07
"ENSG00000185721.13","DRG1",2.77391208120493e-07
"ENSG00000115514.12","TXNDC9",2.79666895050287e-07
"ENSG00000152240.13","HAUS1",2.79666895050287e-07
"ENSG00000164047.6","CAMP",2.79666895050287e-07
"ENSG00000042088.14","TDP1",2.8383124644094e-07
"ENSG00000145391.13","SETD7",2.85404881142631e-07
"ENSG00000083828.16","ZNF586",2.85717033049485e-07
"ENSG00000011260.14","UTP18",2.92232393470285e-07
"ENSG00000155495.9","MAGEC1",2.93709940274279e-07
"ENSG00000189320.9","FAM180A",2.99382934754315e-07
"ENSG00000008277.14","ADAM22",3.00294627760775e-07
"ENSG00000100320.23","RBFOX2",3.03384938637849e-07
"ENSG00000213949.10","ITGA1",3.05769219858151e-07
"ENSG00000127947.16","PTPN12",3.07543633628214e-07
"ENSG00000203908.4","KHDC3L",3.07543633628214e-07
"ENSG00000165905.18","LARGE2",3.14149619515422e-07
"ENSG00000125834.13","STK35",3.1625371484017e-07
"ENSG00000115687.14","PASK",3.16490972038975e-07
"ENSG00000173093.13","CCDC63",3.17732000801096e-07
"ENSG00000205531.13","NAP1L4",3.19907148593216e-07
"ENSG00000112210.12","RAB23",3.38864063319298e-07
"ENSG00000101444.13","AHCY",3.42800870999772e-07
"ENSG00000082458.12","DLG3",3.48236920368147e-07
"ENSG00000167088.11","SNRPD1",3.51377055760107e-07
"ENSG00000183287.14","CCBE1",3.51377055760107e-07
"ENSG00000055211.14","GINM1",3.53383589999847e-07
"ENSG00000138640.15","FAM13A",3.53383589999847e-07
"ENSG00000164010.15","ERMAP",3.53383589999847e-07
"ENSG00000172073.4","TEX37",3.54418294814371e-07
"ENSG00000100276.10","RASL10A",3.60104512052729e-07
"ENSG00000127743.6","IL17B",3.63069419054707e-07
"ENSG00000138399.18","FASTKD1",3.74878049824792e-07
"ENSG00000150995.20","ITPR1",3.77788410808878e-07
"ENSG00000165066.13","NKX6-3",3.78376524715998e-07
"ENSG00000183111.12","ARHGEF37",3.78887487287314e-07
"ENSG00000126467.11","TSKS",3.8169561372375e-07
"ENSG00000167562.13","ZNF701",3.86926934147335e-07
"ENSG00000126787.13","DLGAP5",3.93167620972692e-07
"ENSG00000132329.11","RAMP1",3.93971796582869e-07
"ENSG00000130751.10","NPAS1",3.94110733727776e-07
"ENSG00000146410.12","MTFR2",3.94110733727776e-07
"ENSG00000122728.6","TAF1L",3.96111694968241e-07
"ENSG00000125878.6","TCF15",3.97455734490814e-07
"ENSG00000129988.6","LBP",4.02760962861809e-07
"ENSG00000104907.12","TRMT1",4.05251007785918e-07
"ENSG00000020577.14","SAMD4A",4.11294223867702e-07
"ENSG00000164023.14","SGMS2",4.1284812158125e-07
"ENSG00000100033.16","PRODH",4.17017679547467e-07
"ENSG00000157456.8","CCNB2",4.177355234406e-07
"ENSG00000178795.9","GDPD4",4.19289617451273e-07
"ENSG00000008710.20","PKD1",4.20182471840705e-07
"ENSG00000157890.17","MEGF11",4.20182471840705e-07
"ENSG00000076555.15","ACACB",4.23767055855261e-07
"ENSG00000035862.12","TIMP2",4.24186551590663e-07
"ENSG00000112578.10","BYSL",4.27834021105579e-07
"ENSG00000165689.17","ENTR1",4.3055354692862e-07
"ENSG00000029993.15","HMGB3",4.32363250847466e-07
"ENSG00000160410.15","SHKBP1",4.32839191056006e-07
"ENSG00000163145.13","C1QTNF7",4.43980779812285e-07
"ENSG00000022567.10","SLC45A4",4.45121978371447e-07
"ENSG00000205899.4","BHLHA9",4.45121978371447e-07
"ENSG00000166508.18","MCM7",4.54658100587891e-07
"ENSG00000106263.18","EIF3B",4.56776343881355e-07
"ENSG00000124657.1","OR2B6",4.58824923469437e-07
"ENSG00000204394.13","VARS1",4.58824923469437e-07
"ENSG00000187837.4","H1-2",4.60089663017639e-07
"ENSG00000206140.11","TMEM191C",4.62861029108032e-07
"ENSG00000013306.16","SLC25A39",4.69580335561357e-07
"ENSG00000024422.12","EHD2",4.71031695798964e-07
"ENSG00000196335.13","STK31",4.71031695798964e-07
"ENSG00000131018.24","SYNE1",4.72055831769796e-07
"ENSG00000166788.10","SAAL1",4.72055831769796e-07
"ENSG00000167513.9","CDT1",4.72055831769796e-07
"ENSG00000170522.10","ELOVL6",4.72055831769796e-07
"ENSG00000175931.13","UBE2O",4.72055831769796e-07
"ENSG00000184967.7","NOC4L",4.72055831769796e-07
"ENSG00000197992.7","CLEC9A",4.72055831769796e-07
"ENSG00000214114.9","MYCBP",4.72055831769796e-07
"ENSG00000134825.16","TMEM258",4.73604389554926e-07
"ENSG00000161036.13","LRWD1",4.74049064838313e-07
"ENSG00000168411.14","RFWD3",4.85147362997594e-07
"ENSG00000176194.18","CIDEA",4.85147362997594e-07
"ENSG00000065970.9","FOXJ2",4.92340134068553e-07
"ENSG00000168028.14","RPSA",5.02136803887702e-07
"ENSG00000132613.15","MTSS2",5.03898635429201e-07
"ENSG00000203782.6","LORICRIN",5.03898635429201e-07
"ENSG00000166845.15","C18orf54",5.10218332874008e-07
"ENSG00000138073.14","PREB",5.13957137820797e-07
"ENSG00000072315.3","TRPC5",5.16170949243727e-07
"ENSG00000165496.5","RPL10L",5.16170949243727e-07
"ENSG00000105202.9","FBL",5.22001946401761e-07
"ENSG00000137713.16","PPP2R1B",5.23167212191983e-07
"ENSG00000163681.16","SLMAP",5.25115108428758e-07
"ENSG00000188033.10","ZNF490",5.36895397125497e-07
"ENSG00000129204.17","USP6",5.41478772583326e-07
"ENSG00000197586.13","ENTPD6",5.41478772583326e-07
"ENSG00000105173.14","CCNE1",5.42071285412009e-07
"ENSG00000170509.12","HSD17B13",5.52293527283353e-07
"ENSG00000238205.3","MPC1L",5.53792902255361e-07
"ENSG00000113448.19","PDE4D",5.63502109495807e-07
"ENSG00000159374.17","M1AP",5.63995013898471e-07
"ENSG00000137094.15","DNAJB5",5.65545483764449e-07
"ENSG00000117593.12","DARS2",5.75843240403984e-07
"ENSG00000143878.10","RHOB",5.75843240403984e-07
"ENSG00000159399.10","HK2",5.85237986372933e-07
"ENSG00000101811.14","CSTF2",5.8642679645036e-07
"ENSG00000088836.14","SLC4A11",5.88105926854481e-07
"ENSG00000240583.13","AQP1",5.88105926854481e-07
"ENSG00000138166.6","DUSP5",5.91752938386339e-07
"ENSG00000277632.2","CCL3",5.91752938386339e-07
"ENSG00000148798.11","INA",6.02984690242807e-07
"ENSG00000130706.13","ADRM1",6.04748623076502e-07
"ENSG00000108187.16","PBLD",6.04984860974262e-07
"ENSG00000119411.11","BSPRY",6.04984860974262e-07
"ENSG00000172115.9","CYCS",6.04984860974262e-07
"ENSG00000101442.10","ACTR5",6.05089948575235e-07
"ENSG00000171863.15","RPS7",6.07025226560641e-07
"ENSG00000108551.5","RASD1",6.10730269194151e-07
"ENSG00000128294.16","TPST2",6.13421351260369e-07
"ENSG00000115750.17","TAF1B",6.17093447560352e-07
"ENSG00000070423.18","RNF126",6.20445999769757e-07
"ENSG00000196218.13","RYR1",6.26777716498083e-07
"ENSG00000115946.8","PNO1",6.29326601208412e-07
"ENSG00000153832.12","FBXO36",6.29771994658136e-07
"ENSG00000131351.15","HAUS8",6.3603289683057e-07
"ENSG00000135605.13","TEC",6.46661120855496e-07
"ENSG00000168505.7","GBX2",6.59417013972432e-07
"ENSG00000103313.13","MEFV",6.59559936049828e-07
"ENSG00000130649.10","CYP2E1",6.59559936049828e-07
"ENSG00000112562.19","SMOC2",6.59855274080692e-07
"ENSG00000126890.13","CTAG2",6.68523540717418e-07
"ENSG00000050628.20","PTGER3",6.73345694882273e-07
"ENSG00000132446.7","FTHL17",6.85207972301193e-07
"ENSG00000177119.16","ANO6",7.10992358647244e-07
"ENSG00000139719.11","VPS33A",7.14137439600789e-07
"ENSG00000265681.7","RPL17",7.14137439600789e-07
"ENSG00000197712.12","FAM114A1",7.29381580835628e-07
"ENSG00000198774.5","RASSF9",7.29381580835628e-07
"ENSG00000165476.14","REEP3",7.48068260003835e-07
"ENSG00000101974.14","ATP11C",7.5739168039181e-07
"ENSG00000147613.8","PSKH2",7.5739168039181e-07
"ENSG00000185347.18","TEDC1",7.59029964582725e-07
"ENSG00000172795.17","DCP2",7.59804212633755e-07
"ENSG00000099901.17","RANBP1",7.62600335116144e-07
"ENSG00000113905.5","HRG",7.68064920450323e-07
"ENSG00000100216.6","TOMM22",7.69123968698499e-07
"ENSG00000062822.15","POLD1",7.81423264676316e-07
"ENSG00000179115.11","FARSA",7.81423264676316e-07
"ENSG00000113356.13","POLR3G",7.95346678503716e-07
"ENSG00000114853.14","ZBTB47",8.28344122224253e-07
"ENSG00000140451.13","PIF1",8.28344122224253e-07
"ENSG00000099194.6","SCD",8.2857946582191e-07
"ENSG00000273841.5","TAF9",8.30232729021009e-07
"ENSG00000188549.12","CCDC9B",8.32258825622776e-07
"ENSG00000171804.11","WDR87",8.53136333849513e-07
"ENSG00000105677.12","TMEM147",8.61322737184879e-07
"ENSG00000065911.13","MTHFD2",8.78769877564773e-07
"ENSG00000147408.14","CSGALNACT1",8.78769877564773e-07
"ENSG00000198633.10","ZNF534",9.11443914208096e-07
"ENSG00000111537.5","IFNG",9.13496544605661e-07
"ENSG00000160712.13","IL6R",9.53149978303589e-07
"ENSG00000110931.19","CAMKK2",9.56211378710635e-07
"ENSG00000275302.2","CCL4",9.57061952492456e-07
"ENSG00000105048.17","TNNT1",9.58923785242132e-07
"ENSG00000171777.16","RASGRP4",9.6495982907637e-07
"ENSG00000006606.9","CCL26",9.68003266451115e-07
"ENSG00000133606.11","MKRN1",9.68003266451115e-07
"ENSG00000144381.18","HSPD1",9.68109332628314e-07
"ENSG00000163251.4","FZD5",9.69691865277547e-07
"ENSG00000152253.9","SPC25",9.85880529439548e-07
"ENSG00000162062.15","TEDC2",9.85880529439548e-07
"ENSG00000122565.19","CBX3",9.93691275264428e-07
"ENSG00000256812.2","CAPNS2",1.00016865026279e-06
"ENSG00000104324.16","CPQ",1.00209547474628e-06
"ENSG00000178935.5","ZNF552",1.01565145777339e-06
"ENSG00000072952.19","IRAG1",1.03295976516096e-06
"ENSG00000121570.12","DPPA4",1.03295976516096e-06
"ENSG00000282419.3","TEX13D",1.03295976516096e-06
"ENSG00000111897.7","SERINC1",1.05878634353581e-06
"ENSG00000127990.19","SGCE",1.05878634353581e-06
"ENSG00000166822.13","TMEM170A",1.06285554221333e-06
"ENSG00000118162.14","KPTN",1.06752264221043e-06
"ENSG00000239306.5","RBM14",1.06752264221043e-06
"ENSG00000104490.18","NCALD",1.07503172715005e-06
"ENSG00000114739.14","ACVR2B",1.08650212312484e-06
"ENSG00000173213.9","TUBB8B",1.08650212312484e-06
"ENSG00000081800.9","SLC13A1",1.09071472515605e-06
"ENSG00000183186.8","C2CD4C",1.09149793347278e-06
"ENSG00000198055.11","GRK6",1.10839797394456e-06
"ENSG00000130429.15","ARPC1B",1.1106279325337e-06
"ENSG00000170473.17","PYM1",1.13262396717483e-06
"ENSG00000282815.1","TEX13C",1.13688449525862e-06
"ENSG00000146648.19","EGFR",1.13897550815235e-06
"ENSG00000134247.10","PTGFRN",1.17934407933235e-06
"ENSG00000160072.20","ATAD3B",1.17934407933235e-06
"ENSG00000130363.12","RSPH3",1.18632574002996e-06
"ENSG00000120314.18","WDR55",1.20069255051079e-06
"ENSG00000197016.12","ZNF470",1.20069255051079e-06
"ENSG00000102539.5","MLNR",1.20069401351456e-06
"ENSG00000172037.14","LAMB2",1.28747676993188e-06
"ENSG00000167355.8","OR51B5",1.29195525567468e-06
"ENSG00000213672.8","NCKIPSD",1.29195525567468e-06
"ENSG00000166797.11","CIAO2A",1.30513063124306e-06
"ENSG00000038382.20","TRIO",1.31115003731652e-06
"ENSG00000027869.12","SH2D2A",1.33278288408642e-06
"ENSG00000134815.19","DHX34",1.33364510866165e-06
"ENSG00000115556.14","PLCD4",1.34788511730002e-06
"ENSG00000152315.5","KCNK13",1.34788511730002e-06
"ENSG00000138111.14","MFSD13A",1.35053429904922e-06
"ENSG00000135205.15","CCDC146",1.35337093514817e-06
"ENSG00000104413.18","ESRP1",1.35472696189546e-06
"ENSG00000123570.4","RAB9B",1.35472696189546e-06
"ENSG00000125485.17","DDX31",1.35472696189546e-06
"ENSG00000137124.8","ALDH1B1",1.35472696189546e-06
"ENSG00000117215.15","PLA2G2D",1.35666006984191e-06
"ENSG00000186416.17","NKRF",1.35666006984191e-06
"ENSG00000171858.18","RPS21",1.35890985664714e-06
"ENSG00000061492.12","WNT8A",1.36090423868015e-06
"ENSG00000105255.11","FSD1",1.3609730082031e-06
"ENSG00000155313.15","USP25",1.38730297299456e-06
"ENSG00000156414.19","TDRD9",1.39359805273811e-06
"ENSG00000169245.6","CXCL10",1.39359805273811e-06
"ENSG00000182545.6","RNASE10",1.39359805273811e-06
"ENSG00000099800.8","TIMM13",1.39789944035086e-06
"ENSG00000130021.15","PUDP",1.40010293833837e-06
"ENSG00000131620.17","ANO1",1.40767245030739e-06
"ENSG00000126603.9","GLIS2",1.4098868462158e-06
"ENSG00000154040.21","CABYR",1.44042914160579e-06
"ENSG00000124635.9","H2BC11",1.45334656374207e-06
"ENSG00000130748.7","TMEM160",1.45334656374207e-06
"ENSG00000106028.11","SSBP1",1.45925430334374e-06
"ENSG00000121481.11","RNF2",1.47909707161058e-06
"ENSG00000135900.4","MRPL44",1.47913387576742e-06
"ENSG00000143977.14","SNRPG",1.47930386629104e-06
"ENSG00000155754.15","C2CD6",1.48324094012531e-06
"ENSG00000163069.13","SGCB",1.50809648323368e-06
"ENSG00000124134.9","KCNS1",1.51808762005847e-06
"ENSG00000197299.12","BLM",1.51808762005847e-06
"ENSG00000146386.8","ABRACL",1.51928878270422e-06
"ENSG00000134533.6","RERG",1.53752534876397e-06
"ENSG00000071626.17","DAZAP1",1.53810706183471e-06
"ENSG00000187581.3","COX8C",1.53810706183471e-06
"ENSG00000197020.11","ZNF100",1.53810706183471e-06
"ENSG00000180155.20","LYNX1",1.54857830387179e-06
"ENSG00000130475.14","FCHO1",1.55586245744606e-06
"ENSG00000197780.10","TAF13",1.55586245744606e-06
"ENSG00000115368.10","WDR75",1.56180148005714e-06
"ENSG00000198028.4","ZNF560",1.56538053704441e-06
"ENSG00000163590.14","PPM1L",1.57812978230381e-06
"ENSG00000169758.13","TMEM266",1.57812978230381e-06
"ENSG00000172987.13","HPSE2",1.59044069987293e-06
"ENSG00000107949.17","BCCIP",1.59298972944954e-06
"ENSG00000138442.10","WDR12",1.6251191191707e-06
"ENSG00000150990.8","DHX37",1.64217976884984e-06
"ENSG00000173175.15","ADCY5",1.66546063469401e-06
"ENSG00000162631.19","NTNG1",1.67571521035532e-06
"ENSG00000187823.3","RTL4",1.6819118161174e-06
"ENSG00000055044.11","NOP58",1.68945077262004e-06
"ENSG00000136982.6","DSCC1",1.6905049176491e-06
"ENSG00000100567.13","PSMA3",1.69142668405206e-06
"ENSG00000214193.11","SH3D21",1.69142668405206e-06
"ENSG00000122299.12","ZC3H7A",1.69710962795644e-06
"ENSG00000124225.16","PMEPA1",1.69831902061399e-06
"ENSG00000101413.12","RPRD1B",1.70861269173262e-06
"ENSG00000175662.18","TOM1L2",1.70861269173262e-06
"ENSG00000068305.17","MEF2A",1.73253545545644e-06
"ENSG00000204516.10","MICB",1.74954365731658e-06
"ENSG00000120498.14","TEX11",1.76784512063597e-06
"ENSG00000196365.12","LONP1",1.77416940359249e-06
"ENSG00000196754.13","S100A2",1.77909639196069e-06
"ENSG00000104825.17","NFKBIB",1.78220819949587e-06
"ENSG00000124571.18","XPO5",1.78333569703179e-06
"ENSG00000125454.12","SLC25A19",1.79137417226654e-06
"ENSG00000160785.13","SLC25A44",1.79248892941403e-06
"ENSG00000198883.12","PNMA5",1.79248892941403e-06
"ENSG00000000005.6","TNMD",1.80550858583903e-06
"ENSG00000180891.13","CUEDC1",1.83813796696346e-06
"ENSG00000068024.17","HDAC4",1.89676318819104e-06
"ENSG00000167987.11","VPS37C",1.90312468225697e-06
"ENSG00000276368.2","H2AC14",1.92819408617332e-06
"ENSG00000127399.15","LRRC61",1.96816486649168e-06
"ENSG00000116117.18","PARD3B",1.97618864119087e-06
"ENSG00000156574.10","NODAL",1.99106967164886e-06
"ENSG00000136159.4","NUDT15",1.99212113702549e-06
"ENSG00000180008.9","SOCS4",2.0277777519599e-06
"ENSG00000157978.12","LDLRAP1",2.02863131961526e-06
"ENSG00000080986.13","NDC80",2.06380405932556e-06
"ENSG00000164830.18","OXR1",2.07156915905229e-06
"ENSG00000068383.19","INPP5A",2.08912446423312e-06
"ENSG00000189401.3","OTUD6A",2.09500061436985e-06
"ENSG00000254093.9","PINX1",2.10921987408332e-06
"ENSG00000188624.3","IGFL3",2.13202734498821e-06
"ENSG00000047648.23","ARHGAP6",2.1356230690857e-06
"ENSG00000115255.12","REEP6",2.16131059951853e-06
"ENSG00000125746.18","EML2",2.16617522970597e-06
"ENSG00000089692.9","LAG3",2.16644977061334e-06
"ENSG00000064886.14","CHI3L2",2.16939060889115e-06
"ENSG00000188848.16","BEND4",2.17810816238976e-06
"ENSG00000126070.20","AGO3",2.19042258801097e-06
"ENSG00000170545.17","SMAGP",2.19042258801097e-06
"ENSG00000138760.10","SCARB2",2.19588954467608e-06
"ENSG00000164850.15","GPER1",2.19588954467608e-06
"ENSG00000282988.2","AL031777.2",2.31387779125713e-06
"ENSG00000174173.7","TRMT10C",2.3592601795586e-06
"ENSG00000115207.13","GTF3C2",2.36344161148906e-06
"ENSG00000132780.17","NASP",2.37147509240466e-06
"ENSG00000188729.6","OSTN",2.3843112487341e-06
"ENSG00000087510.7","TFAP2C",2.39605377493915e-06
"ENSG00000126261.13","UBA2",2.39605377493915e-06
"ENSG00000253368.4","TRNP1",2.40825053789858e-06
"ENSG00000104951.16","IL4I1",2.43015863401384e-06
"ENSG00000077800.13","FKBP6",2.43368875172629e-06
"ENSG00000137193.14","PIM1",2.44999232403937e-06
"ENSG00000146143.19","PRIM2",2.44999232403937e-06
"ENSG00000162599.17","NFIA",2.45031363817042e-06
"ENSG00000143199.18","ADCY10",2.45297238638546e-06
"ENSG00000102893.16","PHKB",2.4568755380037e-06
"ENSG00000165480.16","SKA3",2.4568755380037e-06
"ENSG00000163958.14","ZDHHC19",2.48750708116668e-06
"ENSG00000108651.10","UTP6",2.49310354052991e-06
"ENSG00000132549.18","VPS13B",2.49310354052991e-06
"ENSG00000132432.14","SEC61G",2.51065233050874e-06
"ENSG00000142657.21","PGD",2.53978925620535e-06
"ENSG00000149150.9","SLC43A1",2.56901141581538e-06
"ENSG00000172809.13","RPL38",2.58145440272283e-06
"ENSG00000139629.16","GALNT6",2.62665854214601e-06
"ENSG00000179331.3","RAB39A",2.67405714884808e-06
"ENSG00000105974.13","CAV1",2.68816213937022e-06
"ENSG00000134058.12","CDK7",2.68816213937022e-06
"ENSG00000140577.16","CRTC3",2.73095550104999e-06
"ENSG00000144848.11","ATG3",2.73793125971059e-06
"ENSG00000187942.12","LDLRAD2",2.73793125971059e-06
"ENSG00000158445.10","KCNB1",2.75693488041669e-06
"ENSG00000123576.5","ESX1",2.76095519367135e-06
"ENSG00000275700.5","AATF",2.77594413469104e-06
"ENSG00000273213.3","H3-2",2.78240446320894e-06
"ENSG00000131373.15","HACL1",2.78713697309329e-06
"ENSG00000170779.11","CDCA4",2.78713697309329e-06
"ENSG00000177519.4","RPRM",2.79058380471186e-06
"ENSG00000160505.16","NLRP4",2.81272127408844e-06
"ENSG00000119782.14","FKBP1B",2.8325616618089e-06
"ENSG00000184814.5","PRR23B",2.84249785625565e-06
"ENSG00000187569.3","DPPA3",2.86738419270933e-06
"ENSG00000177674.16","AGTRAP",2.87423419305821e-06
"ENSG00000088682.14","COQ9",2.88798340907296e-06
"ENSG00000064652.11","SNX24",2.88961324873655e-06
"ENSG00000206260.4","PRR23A",2.91866918858943e-06
"ENSG00000143384.14","MCL1",2.91887152970082e-06
"ENSG00000113163.18","CERT1",2.932810864428e-06
"ENSG00000140807.7","NKD1",2.932810864428e-06
"ENSG00000121236.21","TRIM6",2.94111780485831e-06
"ENSG00000172819.17","RARG",2.94111780485831e-06
"ENSG00000087116.16","ADAMTS2",2.95870792749471e-06
"ENSG00000135093.13","USP30",2.98141314048444e-06
"ENSG00000150201.15","FXYD4",2.98141314048444e-06
"ENSG00000125868.16","DSTN",3.01321840248114e-06
"ENSG00000169248.13","CXCL11",3.04423026946203e-06
"ENSG00000171453.20","POLR1C",3.04423026946203e-06
"ENSG00000183684.8","ALYREF",3.0514368284107e-06
"ENSG00000163281.12","GNPDA2",3.05282873768082e-06
"ENSG00000116539.14","ASH1L",3.11271913097049e-06
"ENSG00000105193.9","RPS16",3.14103927901348e-06
"ENSG00000099341.11","PSMD8",3.15746967382388e-06
"ENSG00000137309.20","HMGA1",3.17101383021644e-06
"ENSG00000100029.18","PES1",3.17242541452675e-06
"ENSG00000072840.13","EVC",3.19720420493588e-06
"ENSG00000132603.15","NIP7",3.19720420493588e-06
"ENSG00000133316.15","WDR74",3.19720420493588e-06
"ENSG00000163637.13","PRICKLE2",3.19720420493588e-06
"ENSG00000197170.10","PSMD12",3.19720420493588e-06
"ENSG00000130810.20","PPAN",3.20830876511957e-06
"ENSG00000213588.6","ZBTB9",3.24897594550466e-06
"ENSG00000128228.5","SDF2L1",3.25637368200828e-06
"ENSG00000168913.7","ENHO",3.25637368200828e-06
"ENSG00000175279.22","CENPS",3.25637368200828e-06
"ENSG00000007866.22","TEAD3",3.27804006077314e-06
"ENSG00000115233.12","PSMD14",3.30147053578276e-06
"ENSG00000109107.14","ALDOC",3.3111032711184e-06
"ENSG00000187068.3","C3orf70",3.37402116091742e-06
"ENSG00000149091.15","DGKZ",3.38779733250633e-06
"ENSG00000165078.13","CPA6",3.39125962710931e-06
"ENSG00000189159.16","JPT1",3.40025594344108e-06
"ENSG00000005882.12","PDK2",3.45389818245738e-06
"ENSG00000006747.15","SCIN",3.46144784183369e-06
"ENSG00000119705.10","SLIRP",3.52240119914723e-06
"ENSG00000126749.16","EMG1",3.52240119914723e-06
"ENSG00000163530.4","DPPA2",3.5607953840798e-06
"ENSG00000213638.6","ADAT3",3.56719753555173e-06
"ENSG00000174332.5","GLIS1",3.61666080301071e-06
"ENSG00000100353.18","EIF3D",3.65472733051452e-06
"ENSG00000180574.3","EIF2S3B",3.66928229896091e-06
"ENSG00000004776.13","HSPB6",3.68730260924663e-06
"ENSG00000174842.17","GLMN",3.68730260924663e-06
"ENSG00000073712.15","FERMT2",3.69237881233687e-06
"ENSG00000150281.7","CTF1",3.72098267404117e-06
"ENSG00000215644.10","GCGR",3.73004391746943e-06
"ENSG00000166986.15","MARS1",3.76663232305241e-06
"ENSG00000067334.14","DNTTIP2",3.76951076009661e-06
"ENSG00000143493.13","INTS7",3.79381656983707e-06
"ENSG00000137547.9","MRPL15",3.79776782607666e-06
"ENSG00000137073.23","UBAP2",3.84127441777324e-06
"ENSG00000278558.5","TMEM191B",3.8616234663598e-06
"ENSG00000124788.19","ATXN1",3.87492894510827e-06
"ENSG00000100479.13","POLE2",3.88622929704669e-06
"ENSG00000198492.16","YTHDF2",3.89109896804454e-06
"ENSG00000143556.9","S100A7",3.90157496547506e-06
"ENSG00000166226.13","CCT2",3.94026954693407e-06
"ENSG00000256229.8","ZNF486",3.94026954693407e-06
"ENSG00000163406.11","SLC15A2",3.9740082770134e-06
"ENSG00000168476.12","REEP4",4.06275749752951e-06
"ENSG00000137727.12","ARHGAP20",4.09463348976363e-06
"ENSG00000083857.14","FAT1",4.11003988633338e-06
"ENSG00000168477.19","TNXB",4.20983939437098e-06
"ENSG00000186951.16","PPARA",4.20983939437098e-06
"ENSG00000161664.7","ASB16",4.2343782396583e-06
"ENSG00000110107.9","PRPF19",4.24235608141406e-06
"ENSG00000160688.19","FLAD1",4.25213065533963e-06
"ENSG00000113460.13","BRIX1",4.26644350011558e-06
"ENSG00000166105.16","GLB1L3",4.28267501992165e-06
"ENSG00000033050.9","ABCF2",4.3019355174675e-06
"ENSG00000162039.17","MEIOB",4.38836382484502e-06
"ENSG00000197410.14","DCHS2",4.46880003672868e-06
"ENSG00000176909.12","MAMSTR",4.50550650870836e-06
"ENSG00000174428.18","GTF2IRD2B",4.58001563285901e-06
"ENSG00000107165.13","TYRP1",4.5881666153317e-06
"ENSG00000105926.16","MPP6",4.59249128803711e-06
"ENSG00000143337.19","TOR1AIP1",4.62743079029227e-06
"ENSG00000071205.12","ARHGAP10",4.62752830207419e-06
"ENSG00000166049.11","PASD1",4.71079257907596e-06
"ENSG00000112742.10","TTK",4.73398871012071e-06
"ENSG00000183434.10","TFDP3",4.74300637726317e-06
"ENSG00000106105.15","GARS1",4.75498564034998e-06
"ENSG00000100577.19","GSTZ1",4.75644589499017e-06
"ENSG00000172935.9","MRGPRF",4.77042283440992e-06
"ENSG00000112425.16","EPM2A",4.7874877466985e-06
"ENSG00000161692.18","DBF4B",4.81466776796825e-06
"ENSG00000164761.9","TNFRSF11B",4.81466776796825e-06
"ENSG00000276903.2","H2AC16",4.81466776796825e-06
"ENSG00000124802.12","EEF1E1",4.83258512676587e-06
"ENSG00000112078.14","KCTD20",4.87140474784844e-06
"ENSG00000149273.15","RPS3",4.89986637642488e-06
"ENSG00000187522.16","HSPA14",4.92232982517627e-06
"ENSG00000066813.14","ACSM2B",4.95678848079337e-06
"ENSG00000137198.10","GMPR",4.95678848079337e-06
"ENSG00000213973.9","ZNF99",5.03021354647557e-06
"ENSG00000175756.13","AURKAIP1",5.04470118575873e-06
"ENSG00000070814.22","TCOF1",5.04654945895748e-06
"ENSG00000136718.10","IMP4",5.09442716479493e-06
"ENSG00000118514.14","ALDH8A1",5.11118066888325e-06
"ENSG00000169297.8","NR0B1",5.11118066888325e-06
"ENSG00000254852.8","NPIPA2",5.11344767166107e-06
"ENSG00000179041.4","RRS1",5.15737002976534e-06
"ENSG00000205857.2","NANOGNB",5.15737002976534e-06
"ENSG00000155254.13","MARVELD1",5.16799449337474e-06
"ENSG00000164338.10","UTP15",5.20018321895949e-06
"ENSG00000160214.13","RRP1",5.21045731804666e-06
"ENSG00000116120.11","FARSB",5.23614909007968e-06
"ENSG00000141446.11","ESCO1",5.23614909007968e-06
"ENSG00000253537.3","PCDHGA7",5.28257386897028e-06
"ENSG00000188976.11","NOC2L",5.30783459149912e-06
"ENSG00000136810.13","TXN",5.31856164270372e-06
"ENSG00000172270.21","BSG",5.32089755221278e-06
"ENSG00000122733.12","PHF24",5.3611811940794e-06
"ENSG00000136888.8","ATP6V1G1",5.41312197564414e-06
"ENSG00000105486.14","LIG1",5.45549437656481e-06
"ENSG00000145246.14","ATP10D",5.46675326212265e-06
"ENSG00000122642.11","FKBP9",5.57818686721271e-06
"ENSG00000138621.12","PPCDC",5.60242594275514e-06
"ENSG00000185825.17","BCAP31",5.62963488006433e-06
"ENSG00000100116.17","GCAT",5.63849317153614e-06
"ENSG00000103546.18","SLC6A2",5.64090539946942e-06
"ENSG00000049246.14","PER3",5.77233729732244e-06
"ENSG00000085415.16","SEH1L",5.77233729732244e-06
"ENSG00000182154.8","MRPL41",5.77237338358828e-06
"ENSG00000048162.21","NOP16",5.79714789737127e-06
"ENSG00000131969.15","ABHD12B",5.80157408582187e-06
"ENSG00000152620.13","NADK2",5.80669777985887e-06
"ENSG00000185803.12","SLC52A2",5.83837932645006e-06
"ENSG00000005469.12","CROT",5.9077476934983e-06
"ENSG00000223638.3","RFPL4A",5.9077476934983e-06
"ENSG00000146122.17","DAAM2",5.93088978247476e-06
"ENSG00000198798.5","MAGEB3",6.03093442192485e-06
"ENSG00000175215.11","CTDSP2",6.04076005491093e-06
"ENSG00000138032.21","PPM1B",6.06555610500531e-06
"ENSG00000133302.13","SLF1",6.07896424292494e-06
"ENSG00000139531.13","SUOX",6.08090903704937e-06
"ENSG00000155111.15","CDK19",6.08090903704937e-06
"ENSG00000170876.8","TMEM43",6.08090903704937e-06
"ENSG00000176746.6","MAGEB6",6.12384727152239e-06
"ENSG00000164039.15","BDH2",6.20999814520959e-06
"ENSG00000178741.12","COX5A",6.25398773281224e-06
"ENSG00000114200.10","BCHE",6.32097404696206e-06
"ENSG00000011332.19","DPF1",6.33163802564638e-06
"ENSG00000106302.10","HYAL4",6.42564670012672e-06
"ENSG00000136943.11","CTSV",6.45184707284652e-06
"ENSG00000266826.2","IGBP1P2",6.45184707284652e-06
"ENSG00000180113.16","TDRD6",6.45447487962641e-06
"ENSG00000167553.16","TUBA1C",6.4695389095419e-06
"ENSG00000108823.16","SGCA",6.48802298083086e-06
"ENSG00000133627.18","ACTR3B",6.53219004621589e-06
"ENSG00000182534.13","MXRA7",6.53219004621589e-06
"ENSG00000008516.17","MMP25",6.56309018824899e-06
"ENSG00000180817.12","PPA1",6.58490698746642e-06
"ENSG00000197702.14","PARVA",6.6042131185432e-06
"ENSG00000111727.12","HCFC2",6.66652706391909e-06
"ENSG00000085760.15","MTIF2",6.76172434519267e-06
"ENSG00000154188.10","ANGPT1",6.84120201731672e-06
"ENSG00000105726.17","ATP13A1",6.84430279562646e-06
"ENSG00000180424.7","DEFB123",6.86214372569476e-06
"ENSG00000158042.9","MRPL17",6.87821984235673e-06
"ENSG00000004468.13","CD38",6.88418107050696e-06
"ENSG00000128573.26","FOXP2",6.90196867139685e-06
"ENSG00000147697.9","GSDMC",7.04296015510531e-06
"ENSG00000072110.15","ACTN1",7.07219282271019e-06
"ENSG00000198298.13","ZNF485",7.14770707061081e-06
"ENSG00000184261.5","KCNK12",7.20960235326947e-06
"ENSG00000119599.17","DCAF4",7.232778379007e-06
"ENSG00000228594.4","FNDC10",7.292239815602e-06
"ENSG00000167656.5","LY6D",7.37087140890391e-06
"ENSG00000185640.6","KRT79",7.3746476302687e-06
"ENSG00000035681.9","NSMAF",7.3943009653385e-06
"ENSG00000171608.16","PIK3CD",7.3943009653385e-06
"ENSG00000108924.14","HLF",7.41091793447566e-06
"ENSG00000134871.19","COL4A2",7.43809954096725e-06
"ENSG00000092345.14","DAZL",7.46125493891135e-06
"ENSG00000177058.12","SLC38A9",7.50905214012454e-06
"ENSG00000047578.13","KATNIP",7.56066542740605e-06
"ENSG00000136451.9","VEZF1",7.70833541025374e-06
"ENSG00000196932.12","TMEM26",7.72629742331143e-06
"ENSG00000116161.18","CACYBP",7.76824495142017e-06
"ENSG00000077312.9","SNRPA",7.7935320597811e-06
"ENSG00000125459.17","MSTO1",7.81380829386941e-06
"ENSG00000108379.10","WNT3",7.81825782377223e-06
"ENSG00000150051.14","MKX",7.81825782377223e-06
"ENSG00000103196.12","CRISPLD2",7.89337791375232e-06
"ENSG00000077150.20","NFKB2",7.90597527689051e-06
"ENSG00000131023.13","LATS1",7.90597527689051e-06
"ENSG00000075673.12","ATP12A",7.99474468919569e-06
"ENSG00000165072.10","MAMDC2",8.0285397017353e-06
"ENSG00000115539.14","PDCL3",8.08536519315679e-06
"ENSG00000067177.15","PHKA1",8.09112065943517e-06
"ENSG00000135269.18","TES",8.09112065943517e-06
"ENSG00000163528.13","CHCHD4",8.09112065943517e-06
"ENSG00000180596.7","H2BC4",8.09112065943517e-06
"ENSG00000214575.9","CPEB1",8.09112065943517e-06
"ENSG00000182575.8","NXPH3",8.09676477006692e-06
"ENSG00000155438.12","NIFK",8.12195871152187e-06
"ENSG00000184344.4","GDF3",8.25426827525361e-06
"ENSG00000148459.16","PDSS1",8.29690279229631e-06
"ENSG00000183763.9","TRAIP",8.30263688603234e-06
"ENSG00000138709.19","LARP1B",8.30955936771082e-06
"ENSG00000166589.13","CDH16",8.31175716407138e-06
"ENSG00000100504.17","PYGL",8.3270972244407e-06
"ENSG00000215784.6","FAM72D",8.3340695739142e-06
"ENSG00000117069.15","ST6GALNAC5",8.37792843830841e-06
"ENSG00000105372.8","RPS19",8.4134641748193e-06
"ENSG00000115944.15","COX7A2L",8.42405172221413e-06
"ENSG00000196417.13","ZNF765",8.45890066717292e-06
"ENSG00000203837.5","PNLIPRP3",8.50245359785118e-06
"ENSG00000107833.10","NPM3",8.52716854301413e-06
"ENSG00000256269.10","HMBS",8.6419220814911e-06
"ENSG00000105447.13","GRWD1",8.69837902277097e-06
"ENSG00000105258.9","POLR2I",8.77522989340929e-06
"ENSG00000080608.10","PUM3",8.82340500170588e-06
"ENSG00000143858.12","SYT2",8.86797352980702e-06
"ENSG00000152049.6","KCNE4",8.86797352980702e-06
"ENSG00000170608.3","FOXA3",8.93285665083191e-06
"ENSG00000140534.14","TICRR",9.01891086275671e-06
"ENSG00000188368.10","PRR19",9.12218257270359e-06
"ENSG00000151623.15","NR3C2",9.14595958305826e-06
"ENSG00000171643.14","S100Z",9.16905195661112e-06
"ENSG00000091128.13","LAMB4",9.19088977947723e-06
"ENSG00000172260.15","NEGR1",9.19088977947723e-06
"ENSG00000073754.6","CD5L",9.27977204494557e-06
"ENSG00000182308.7","DCAF4L1",9.45017336479556e-06
"ENSG00000197451.12","HNRNPAB",9.45017336479556e-06
"ENSG00000168883.20","USP39",9.56450650484579e-06
"ENSG00000168671.10","UGT3A2",9.56859472676933e-06
"ENSG00000262152.7","LINC00514",9.56859472676933e-06
"ENSG00000115762.16","PLEKHB2",9.6923741801753e-06
"ENSG00000164284.15","GRPEL2",9.78373469600548e-06
"ENSG00000122483.17","CCDC18",9.7974796470072e-06
"ENSG00000244045.13","TMEM199",9.91255444387072e-06
"ENSG00000116761.12","CTH",9.92983642394325e-06
"ENSG00000105254.12","TBCB",9.93646891459136e-06
"ENSG00000274070.2","CASTOR2",9.93646891459136e-06
"ENSG00000162129.14","CLPB",9.95539164134547e-06
"ENSG00000198108.4","CHSY3",9.96168911932144e-06
"ENSG00000138382.15","METTL5",1.00522610287729e-05
"ENSG00000162104.10","ADCY9",1.00716671382946e-05
"ENSG00000164113.11","ADAD1",1.0129957114322e-05
"ENSG00000165338.17","HECTD2",1.02571480466461e-05
"ENSG00000111716.14","LDHB",1.0265412403549e-05
"ENSG00000197162.10","ZNF785",1.02832178346696e-05
"ENSG00000106266.11","SNX8",1.03092055378664e-05
"ENSG00000169727.12","GPS1",1.03693281506693e-05
"ENSG00000135632.12","SMYD5",1.05125389644837e-05
"ENSG00000116455.14","WDR77",1.05898548519663e-05
"ENSG00000148334.16","PTGES2",1.05929017452081e-05
"ENSG00000179546.4","HTR1D",1.0720993738871e-05
"ENSG00000178982.10","EIF3K",1.07472421727235e-05
"ENSG00000082146.13","STRADB",1.07783666342634e-05
"ENSG00000174371.17","EXO1",1.07783666342634e-05
"ENSG00000198363.18","ASPH",1.0783404719752e-05
"ENSG00000150764.14","DIXDC1",1.08427177764274e-05
"ENSG00000198838.14","RYR3",1.08714434300997e-05
"ENSG00000114648.12","KLHL18",1.08923135506877e-05
"ENSG00000198482.14","ZNF808",1.09195620134614e-05
"ENSG00000134809.9","TIMM10",1.1027181427576e-05
"ENSG00000165633.13","VSTM4",1.1027181427576e-05
"ENSG00000142230.13","SAE1",1.10342103194282e-05
"ENSG00000160446.19","ZDHHC12",1.11059429281163e-05
"ENSG00000097046.13","CDC7",1.1145219899869e-05
"ENSG00000140718.21","FTO",1.1145219899869e-05
"ENSG00000124664.11","SPDEF",1.11945516134888e-05
"ENSG00000188032.10","C19orf67",1.12720278603402e-05
"ENSG00000105699.16","LSR",1.13988018610881e-05
"ENSG00000143546.10","S100A8",1.13988018610881e-05
"ENSG00000084734.9","GCKR",1.14085981168405e-05
"ENSG00000138622.4","HCN4",1.14098089566458e-05
"ENSG00000196557.13","CACNA1H",1.14378694766508e-05
"ENSG00000167778.9","SPRYD3",1.14992981953319e-05
"ENSG00000154240.17","CEP112",1.15327489727093e-05
"ENSG00000233701.3","PRR23C",1.15492361040957e-05
"ENSG00000167759.13","KLK13",1.15589765354829e-05
"ENSG00000120471.15","TP53AIP1",1.15764768144857e-05
"ENSG00000244588.5","RAD21L1",1.15764768144857e-05
"ENSG00000140105.18","WARS1",1.16728856390149e-05
"ENSG00000197008.10","ZNF138",1.16987326114192e-05
"ENSG00000140943.17","MBTPS1",1.17000237712067e-05
"ENSG00000177889.10","UBE2N",1.17000237712067e-05
"ENSG00000186283.14","TOR3A",1.17000237712067e-05
"ENSG00000197324.9","LRP10",1.17000237712067e-05
"ENSG00000105750.15","ZNF85",1.18799752231253e-05
"ENSG00000117154.12","IGSF21",1.20468115908049e-05
"ENSG00000109846.9","CRYAB",1.20519911389678e-05
"ENSG00000213625.9","LEPROT",1.2088598537698e-05
"ENSG00000256771.4","ZNF253",1.2088598537698e-05
"ENSG00000089006.17","SNX5",1.21653689270679e-05
"ENSG00000177807.10","KCNJ10",1.21927406022391e-05
"ENSG00000115561.16","CHMP3",1.22116871263376e-05
"ENSG00000126457.22","PRMT1",1.22755060304661e-05
"ENSG00000123569.8","H2BW1",1.24314809450276e-05
"ENSG00000187772.8","LIN28B",1.24314809450276e-05
"ENSG00000172179.12","PRL",1.25156497859331e-05
"ENSG00000236279.7","CLEC2L",1.26273598374889e-05
"ENSG00000278619.5","MRM1",1.26273598374889e-05
"ENSG00000277758.5","FO681492.1",1.2816733011802e-05
"ENSG00000198835.4","GJC2",1.28419575649984e-05
"ENSG00000257923.12","CUX1",1.28549066747752e-05
"ENSG00000164048.14","ZNF589",1.29446912243537e-05
"ENSG00000134250.20","NOTCH2",1.29464383137276e-05
"ENSG00000166133.18","RPUSD2",1.3011732486959e-05
"ENSG00000184160.8","ADRA2C",1.3019574234602e-05
"ENSG00000100302.7","RASD2",1.30893681705438e-05
"ENSG00000160973.8","FOXH1",1.31317692777979e-05
"ENSG00000152784.16","PRDM8",1.31625355334834e-05
"ENSG00000102385.12","DRP2",1.32660356024995e-05
"ENSG00000143006.7","DMRTB1",1.32716944242936e-05
"ENSG00000277075.2","H2AC8",1.33301146291232e-05
"ENSG00000168675.19","LDLRAD4",1.33373713629627e-05
"ENSG00000112146.17","FBXO9",1.35845296907618e-05
"ENSG00000113302.5","IL12B",1.36413753576854e-05
"ENSG00000147596.4","PRDM14",1.37996681534623e-05
"ENSG00000112238.12","PRDM13",1.41518316823436e-05
"ENSG00000197134.13","ZNF257",1.41518316823436e-05
"ENSG00000215251.4","FASTKD5",1.42445394011612e-05
"ENSG00000172336.5","POP7",1.43658551564895e-05
"ENSG00000136895.19","GARNL3",1.4416828598293e-05
"ENSG00000110619.18","CARS1",1.44976877006174e-05
"ENSG00000171408.14","PDE7B",1.44976877006174e-05
"ENSG00000160131.13","VMA21",1.45291950550225e-05
"ENSG00000101337.16","TM9SF4",1.45309022453622e-05
"ENSG00000133116.8","KL",1.45309022453622e-05
"ENSG00000185187.13","SIGIRR",1.45398599194423e-05
"ENSG00000188707.6","ZBED6CL",1.4583394048395e-05
"ENSG00000123545.6","NDUFAF4",1.46059537405656e-05
"ENSG00000173389.16","IQCF1",1.46187143439554e-05
"ENSG00000168067.12","MAP4K2",1.47193173003984e-05
"ENSG00000137501.17","SYTL2",1.47695680372606e-05
"ENSG00000112308.13","C6orf62",1.48026638733575e-05
"ENSG00000101391.21","CDK5RAP1",1.48374802243354e-05
"ENSG00000139613.12","SMARCC2",1.48374802243354e-05
"ENSG00000168539.4","CHRM1",1.4856620633754e-05
"ENSG00000179639.10","FCER1A",1.4856620633754e-05
"ENSG00000184207.9","PGP",1.49953999444397e-05
"ENSG00000198182.13","ZNF607",1.52969873793212e-05
"ENSG00000105643.10","ARRDC2",1.53009078049007e-05
"ENSG00000139793.18","MBNL2",1.54055429474511e-05
"ENSG00000069020.18","MAST4",1.57673263282649e-05
"ENSG00000276045.3","ORAI1",1.57673263282649e-05
"ENSG00000128346.11","C22orf23",1.57780640342837e-05
"ENSG00000122870.12","BICC1",1.58635003495322e-05
"ENSG00000084453.16","SLCO1A2",1.59619741064718e-05
"ENSG00000110429.14","FBXO3",1.59619741064718e-05
"ENSG00000119673.14","ACOT2",1.6012727134736e-05
"ENSG00000116882.15","HAO2",1.605296240039e-05
"ENSG00000120907.18","ADRA1A",1.62888739502359e-05
"ENSG00000247626.5","MARS2",1.63725270342314e-05
"ENSG00000165501.17","LRR1",1.64370588653221e-05
"ENSG00000166448.15","TMEM130",1.64902222296153e-05
"ENSG00000057657.17","PRDM1",1.65883071231648e-05
"ENSG00000126785.13","RHOJ",1.65883071231648e-05
"ENSG00000173653.8","RCE1",1.65883071231648e-05
"ENSG00000007402.12","CACNA2D2",1.66269504406529e-05
"ENSG00000107130.10","NCS1",1.66399455961754e-05
"ENSG00000160211.19","G6PD",1.66560941180546e-05
"ENSG00000110104.13","CCDC86",1.67918116174144e-05
"ENSG00000109787.13","KLF3",1.68135183289881e-05
"ENSG00000185532.20","PRKG1",1.69905425929704e-05
"ENSG00000117020.18","AKT3",1.70442543822671e-05
"ENSG00000132326.12","PER2",1.71699026231427e-05
"ENSG00000066855.16","MTFR1",1.71995046661311e-05
"ENSG00000173928.4","SWSAP1",1.73706885195161e-05
"ENSG00000136098.17","NEK3",1.74187038244697e-05
"ENSG00000178031.17","ADAMTSL1",1.74187038244697e-05
"ENSG00000189023.10","MAGEB16",1.74187038244697e-05
"ENSG00000130734.10","ATG4D",1.74295778389907e-05
"ENSG00000165288.11","BRWD3",1.75107127104431e-05
"ENSG00000277157.2","H4C4",1.75242556471192e-05
"ENSG00000196419.13","XRCC6",1.75497634216486e-05
"ENSG00000254245.3","PCDHGA3",1.76479378094957e-05
"ENSG00000135624.16","CCT7",1.76979756106455e-05
"ENSG00000225921.7","NOL7",1.77966873264186e-05
"ENSG00000127616.19","SMARCA4",1.79211583689722e-05
"ENSG00000165462.5","PHOX2A",1.79211583689722e-05
"ENSG00000117245.13","KIF17",1.79215482041736e-05
"ENSG00000187867.10","PALM3",1.80370535708115e-05
"ENSG00000104415.14","CCN4",1.81206497791839e-05
"ENSG00000154370.16","TRIM11",1.81616364538465e-05
"ENSG00000154582.17","ELOC",1.81936210028818e-05
"ENSG00000018699.13","TTC27",1.83730205790357e-05
"ENSG00000135333.14","EPHA7",1.84592366237308e-05
"ENSG00000075035.10","WSCD2",1.84798357407935e-05
"ENSG00000170516.17","COX7B2",1.84798357407935e-05
"ENSG00000143437.21","ARNT",1.85473980014266e-05
"ENSG00000092853.14","CLSPN",1.85696677659233e-05
"ENSG00000164543.7","STK17A",1.85696677659233e-05
"ENSG00000114054.14","PCCB",1.8705318214265e-05
"ENSG00000132341.12","RAN",1.8705318214265e-05
"ENSG00000233276.7","GPX1",1.8705318214265e-05
"ENSG00000104835.15","SARS2",1.87466107796674e-05
"ENSG00000188026.13","RILPL1",1.88316206885485e-05
"ENSG00000146757.14","ZNF92",1.89396355718305e-05
"ENSG00000177465.4","ACOT4",1.89416284303317e-05
"ENSG00000181778.5","TMEM252",1.8982248258132e-05
"ENSG00000136950.13","ARPC5L",1.90011670448251e-05
"ENSG00000075886.11","TUBA3D",1.91290142118917e-05
"ENSG00000147166.11","ITGB1BP2",1.92640680720168e-05
"ENSG00000165424.7","ZCCHC24",1.93329773435467e-05
"ENSG00000108561.8","C1QBP",1.93332002167155e-05
"ENSG00000196914.9","ARHGEF12",1.96944845710229e-05
"ENSG00000171425.10","ZNF581",1.99347991613904e-05
"ENSG00000164756.12","SLC30A8",2.00575695272946e-05
"ENSG00000181544.15","FANCB",2.02121874427055e-05
"ENSG00000060069.17","CTDP1",2.04531578522374e-05
"ENSG00000198718.13","TOGARAM1",2.06262958291833e-05
"ENSG00000124942.14","AHNAK",2.06758240170758e-05
"ENSG00000221968.9","FADS3",2.07734419143013e-05
"ENSG00000140836.17","ZFHX3",2.10818118385484e-05
"ENSG00000113140.11","SPARC",2.11580670681826e-05
"ENSG00000178021.11","TSPYL6",2.1224895410229e-05
"ENSG00000204231.11","RXRB",2.1272895790467e-05
"ENSG00000138755.6","CXCL9",2.13188313130259e-05
"ENSG00000109680.11","TBC1D19",2.13669322826027e-05
"ENSG00000232838.4","PET117",2.13669322826027e-05
"ENSG00000272636.4","DOC2B",2.13669322826027e-05
"ENSG00000214513.4","NOTO",2.1523026631513e-05
"ENSG00000036828.17","CASR",2.16193032128603e-05
"ENSG00000063515.3","GSC2",2.177264599213e-05
"ENSG00000229292.2","RFPL4AL1",2.1785173193347e-05
"ENSG00000268089.3","GABRQ",2.19581439432571e-05
"ENSG00000114942.14","EEF1B2",2.19974081104115e-05
"ENSG00000139546.11","TARBP2",2.19974081104115e-05
"ENSG00000133063.16","CHIT1",2.20227304584518e-05
"ENSG00000196109.9","ZNF676",2.20534544462346e-05
"ENSG00000072506.13","HSD17B10",2.20982015127111e-05
"ENSG00000167720.13","SRR",2.21255361357185e-05
"ENSG00000184661.14","CDCA2",2.21255361357185e-05
"ENSG00000176171.11","BNIP3",2.22070629673085e-05
"ENSG00000261236.8","BOP1",2.22070629673085e-05
"ENSG00000221983.8","UBA52",2.23344434548333e-05
"ENSG00000198794.12","SCAMP5",2.23365172004411e-05
"ENSG00000128253.15","RFPL2",2.248644497269e-05
"ENSG00000162722.9","TRIM58",2.26229832313146e-05
"ENSG00000136634.7","IL10",2.27423759473158e-05
"ENSG00000163607.17","GTPBP8",2.27423759473158e-05
"ENSG00000227057.10","WDR46",2.27423759473158e-05
"ENSG00000106086.20","PLEKHA8",2.28282585801541e-05
"ENSG00000135437.10","RDH5",2.29012145721043e-05
"ENSG00000164930.12","FZD6",2.29012145721043e-05
"ENSG00000143842.15","SOX13",2.33301346982238e-05
"ENSG00000196976.7","LAGE3",2.35509922554386e-05
"ENSG00000162961.14","DPY30",2.36170781743451e-05
"ENSG00000148408.13","CACNA1B",2.36366089633309e-05
"ENSG00000091127.14","PUS7",2.36812104995391e-05
"ENSG00000152359.15","POC5",2.37346140585886e-05
"ENSG00000100234.12","TIMP3",2.38150385647749e-05
"ENSG00000204296.11","TSBP1",2.38150385647749e-05
"ENSG00000010539.12","ZNF200",2.38403628494524e-05
"ENSG00000121440.15","PDZRN3",2.38501391000692e-05
"ENSG00000176769.9","TCERG1L",2.38582964631813e-05
"ENSG00000104213.13","PDGFRL",2.38721400175286e-05
"ENSG00000213619.11","NDUFS3",2.38721400175286e-05
"ENSG00000142530.11","FAM71E1",2.41699195133274e-05
"ENSG00000065600.13","PACC1",2.42148299751049e-05
"ENSG00000143127.13","ITGA10",2.42148299751049e-05
"ENSG00000120675.6","DNAJC15",2.43342038528816e-05
"ENSG00000120658.13","ENOX1",2.44630937839926e-05
"ENSG00000164587.13","RPS14",2.44630937839926e-05
"ENSG00000197275.14","RAD54B",2.44630937839926e-05
"ENSG00000144635.9","DYNC1LI1",2.44717396506921e-05
"ENSG00000168884.15","TNIP2",2.46113646327116e-05
"ENSG00000228300.14","FAM174C",2.47147567223069e-05
"ENSG00000133119.13","RFC3",2.48086750739037e-05
"ENSG00000181072.11","CHRM2",2.48086750739037e-05
"ENSG00000173517.10","PEAK1",2.48131137359393e-05
"ENSG00000198039.11","ZNF273",2.48131137359393e-05
"ENSG00000131089.17","ARHGEF9",2.48617983336119e-05
"ENSG00000086570.12","FAT2",2.50253540198485e-05
"ENSG00000141556.21","TBCD",2.50974061775891e-05
"ENSG00000130775.16","THEMIS2",2.52314091604404e-05
"ENSG00000100106.22","TRIOBP",2.53376404268923e-05
"ENSG00000163430.12","FSTL1",2.53943106991204e-05
"ENSG00000048028.11","USP28",2.54261319992444e-05
"ENSG00000124226.11","RNF114",2.55461440311341e-05
"ENSG00000139921.13","TMX1",2.55698688719632e-05
"ENSG00000161999.13","JMJD8",2.55698688719632e-05
"ENSG00000247077.7","PGAM5",2.56306248366558e-05
"ENSG00000135049.16","AGTPBP1",2.56814730599098e-05
"ENSG00000177971.8","IMP3",2.5800133213023e-05
"ENSG00000197417.9","SHPK",2.59193601192605e-05
"ENSG00000149100.13","EIF3M",2.62514963593133e-05
"ENSG00000198542.14","ITGBL1",2.62632671868725e-05
"ENSG00000174744.14","BRMS1",2.66219769897923e-05
"ENSG00000262814.8","MRPL12",2.66854233568755e-05
"ENSG00000132429.10","POPDC3",2.69807131563683e-05
"ENSG00000204849.10","SPATA31A1",2.69807131563683e-05
"ENSG00000183018.9","SPNS2",2.71516963118212e-05
"ENSG00000132646.11","PCNA",2.73212441949085e-05
"ENSG00000095485.18","CWF19L1",2.75890297823179e-05
"ENSG00000127922.9","SEM1",2.75955175135092e-05
"ENSG00000099338.23","CATSPERG",2.76658939392038e-05
"ENSG00000181773.7","GPR3",2.76658939392038e-05
"ENSG00000198663.17","C6orf89",2.77705959677479e-05
"ENSG00000105374.10","NKG7",2.79509869765676e-05
"ENSG00000161813.22","LARP4",2.79831183404555e-05
"ENSG00000129048.7","ACKR4",2.80118348726742e-05
"ENSG00000137497.18","NUMA1",2.80304774531755e-05
"ENSG00000175395.16","ZNF25",2.81219005054293e-05
"ENSG00000007350.17","TKTL1",2.82370533431805e-05
"ENSG00000101412.13","E2F1",2.84935040638404e-05
"ENSG00000160293.17","VAV2",2.84947566706732e-05
"ENSG00000093000.19","NUP50",2.86473599908298e-05
"ENSG00000134569.10","LRP4",2.88090653142796e-05
"ENSG00000160326.14","SLC2A6",2.91386016226783e-05
"ENSG00000134398.15","ERN2",2.95738983798255e-05
"ENSG00000106066.15","CPVL",2.96035534890793e-05
"ENSG00000117410.14","ATP6V0B",2.96673135421027e-05
"ENSG00000073584.20","SMARCE1",2.97539615714165e-05
"ENSG00000170271.11","FAXDC2",2.97870134435455e-05
"ENSG00000120992.18","LYPLA1",3.01218835427244e-05
"ENSG00000165995.22","CACNB2",3.01218835427244e-05
"ENSG00000140465.14","CYP1A1",3.01539563401712e-05
"ENSG00000006432.15","MAP3K9",3.01914436165818e-05
"ENSG00000242485.6","MRPL20",3.06715414067673e-05
"ENSG00000123384.14","LRP1",3.06800035601941e-05
"ENSG00000136574.18","GATA4",3.06859716112282e-05
"ENSG00000146729.10","NIPSNAP2",3.08951234229959e-05
"ENSG00000019144.19","PHLDB1",3.12214965181375e-05
"ENSG00000180881.19","CAPS2",3.12681941440831e-05
"ENSG00000152217.20","SETBP1",3.13198844280116e-05
"ENSG00000161970.15","RPL26",3.15943283530116e-05
"ENSG00000124562.10","SNRPC",3.17238598123604e-05
"ENSG00000115138.11","POMC",3.19977008590663e-05
"ENSG00000262919.8","CCNQ",3.22215472706491e-05
"ENSG00000184428.13","TOP1MT",3.2309726063804e-05
"ENSG00000169495.5","HTRA4",3.2320758817999e-05
"ENSG00000135372.9","NAT10",3.25700106923192e-05
"ENSG00000182645.6","CCDC172",3.28683411784087e-05
"ENSG00000160633.13","SAFB",3.29783686205248e-05
"ENSG00000173706.14","HEG1",3.31010300511074e-05
"ENSG00000156928.5","MALSU1",3.31498077977162e-05
"ENSG00000121989.15","ACVR2A",3.330799725089e-05
"ENSG00000100519.12","PSMC6",3.33827073157623e-05
"ENSG00000167775.11","CD320",3.33827073157623e-05
"ENSG00000274641.2","H2BC17",3.34686761923211e-05
"ENSG00000010803.16","SCMH1",3.36792014064889e-05
"ENSG00000142538.2","PTH2",3.36900958468496e-05
"ENSG00000161055.4","SCGB3A1",3.37536674280517e-05
"ENSG00000148120.17","AOPEP",3.38126523978733e-05
"ENSG00000163239.12","TDRD10",3.38463613211118e-05
"ENSG00000164736.6","SOX17",3.38463613211118e-05
"ENSG00000179988.15","PSTK",3.38463613211118e-05
"ENSG00000160075.12","SSU72",3.39612306981546e-05
"ENSG00000145675.15","PIK3R1",3.39931125525742e-05
"ENSG00000184162.15","NR2C2AP",3.39931125525742e-05
"ENSG00000167701.14","GPT",3.39979800981992e-05
"ENSG00000161179.14","YDJC",3.40258817657646e-05
"ENSG00000126583.11","PRKCG",3.40793147847959e-05
"ENSG00000197372.10","ZNF675",3.43924374216942e-05
"ENSG00000151240.17","DIP2C",3.44313610500831e-05
"ENSG00000114395.11","CYB561D2",3.45297678341811e-05
"ENSG00000271601.4","LIX1L",3.46815022187057e-05
"ENSG00000153767.10","GTF2E1",3.46904669593181e-05
"ENSG00000129038.16","LOXL1",3.47294794842256e-05
"ENSG00000225614.4","ZNF469",3.47917030118395e-05
"ENSG00000013275.8","PSMC4",3.50353153904629e-05
"ENSG00000080824.19","HSP90AA1",3.50831579007321e-05
"ENSG00000006459.11","KDM7A",3.51634243336672e-05
"ENSG00000170500.13","LONRF2",3.52070060794882e-05
"ENSG00000120539.15","MASTL",3.53445407085695e-05
"ENSG00000137414.6","FAM8A1",3.53445407085695e-05
"ENSG00000164574.16","GALNT10",3.54541665547987e-05
"ENSG00000171049.9","FPR2",3.57123381060385e-05
"ENSG00000149735.7","GPHA2",3.59842106438847e-05
"ENSG00000138101.19","DTNB",3.60624580435691e-05
"ENSG00000106261.17","ZKSCAN1",3.61253276082291e-05
"ENSG00000148291.10","SURF2",3.61286109081842e-05
"ENSG00000134146.12","DPH6",3.64235406415481e-05
"ENSG00000189167.12","ZAR1L",3.64235406415481e-05
"ENSG00000100296.14","THOC5",3.64247340200526e-05
"ENSG00000269526.1","ERVV-1",3.64545867692073e-05
"ENSG00000175376.9","EIF1AD",3.65083576512711e-05
"ENSG00000089472.16","HEPH",3.68776114121262e-05
"ENSG00000135114.12","OASL",3.69803299182719e-05
"ENSG00000157601.14","MX1",3.69850909195112e-05
"ENSG00000083454.22","P2RX5",3.71559448311699e-05
"ENSG00000026751.17","SLAMF7",3.73999627330378e-05
"ENSG00000048342.17","CC2D2A",3.73999627330378e-05
"ENSG00000170382.12","LRRN2",3.75191039213485e-05
"ENSG00000058804.12","NDC1",3.75321588798287e-05
"ENSG00000148516.22","ZEB1",3.75827838785801e-05
"ENSG00000139610.2","CELA1",3.76134752470678e-05
"ENSG00000130826.18","DKC1",3.77123035325403e-05
"ENSG00000092199.18","HNRNPC",3.79042495157083e-05
"ENSG00000108700.5","CCL8",3.79352466756231e-05
"ENSG00000121621.7","KIF18A",3.79352466756231e-05
"ENSG00000147255.19","IGSF1",3.79352466756231e-05
"ENSG00000111671.10","SPSB2",3.8029490016137e-05
"ENSG00000196275.14","GTF2IRD2",3.8406545975807e-05
"ENSG00000163811.12","WDR43",3.84294029324541e-05
"ENSG00000164082.15","GRM2",3.84294029324541e-05
"ENSG00000163507.14","CIP2A",3.85214796460406e-05
"ENSG00000224578.5","HNRNPA1P48",3.85214796460406e-05
"ENSG00000137558.9","PI15",3.88585243682506e-05
"ENSG00000142168.15","SOD1",3.88776754434722e-05
"ENSG00000105991.10","HOXA1",3.88786877351682e-05
"ENSG00000110700.7","RPS13",3.88786877351682e-05
"ENSG00000223614.5","ZNF735",3.88786877351682e-05
"ENSG00000006788.14","MYH13",3.92452260518535e-05
"ENSG00000187446.12","CHP1",3.94403310123522e-05
"ENSG00000165887.12","ANKRD2",3.95272657390181e-05
"ENSG00000166147.14","FBN1",3.95272657390181e-05
"ENSG00000231500.7","RPS18",3.95272657390181e-05
"ENSG00000179981.11","TSHZ1",3.96185157574869e-05
"ENSG00000132300.19","PTCD3",3.96391353431689e-05
"ENSG00000196470.12","SIAH1",3.96391353431689e-05
"ENSG00000204475.10","NCR3",3.96391353431689e-05
"ENSG00000125703.15","ATG4C",3.98447126442201e-05
"ENSG00000131203.13","IDO1",4.00670714816289e-05
"ENSG00000125998.8","FAM83C",4.03320968108113e-05
"ENSG00000123685.9","BATF3",4.04731080484925e-05
"ENSG00000276180.1","H4C9",4.04731080484925e-05
"ENSG00000129473.11","BCL2L2",4.04765274771936e-05
"ENSG00000145431.11","PDGFC",4.06028348223848e-05
"ENSG00000235194.9","PPP1R3E",4.09628146988223e-05
"ENSG00000053328.8","METTL24",4.0973673877275e-05
"ENSG00000163359.16","COL6A3",4.10022096079442e-05
"ENSG00000163636.11","PSMD6",4.10140512430788e-05
"ENSG00000186265.10","BTLA",4.12008213580319e-05
"ENSG00000197580.13","BCO2",4.13074328774895e-05
"ENSG00000081189.16","MEF2C",4.14109569536192e-05
"ENSG00000160336.16","ZNF761",4.15065866850655e-05
"ENSG00000175718.10","RBMXL3",4.15327542977943e-05
"ENSG00000175513.9","TSGA10IP",4.17575569529536e-05
"ENSG00000128626.12","MRPS12",4.18474087803484e-05
"ENSG00000185567.7","AHNAK2",4.19973811157326e-05
"ENSG00000155367.15","PPM1J",4.20839515573602e-05
"ENSG00000131462.8","TUBG1",4.21893178128127e-05
"ENSG00000140285.12","FGF7",4.23209191866658e-05
"ENSG00000142556.19","ZNF614",4.23209191866658e-05
"ENSG00000205846.4","CLEC6A",4.24843296603172e-05
"ENSG00000171940.13","ZNF217",4.26171899321938e-05
"ENSG00000175213.3","ZNF408",4.26171899321938e-05
"ENSG00000104341.17","LAPTM4B",4.30011943549385e-05
"ENSG00000155085.15","AK9",4.30160783612457e-05
"ENSG00000123096.12","SSPN",4.30255869003004e-05
"ENSG00000055483.19","USP36",4.32839480723948e-05
"ENSG00000181652.19","ATG9B",4.32839480723948e-05
"ENSG00000222046.2","DCDC2B",4.32839480723948e-05
"ENSG00000082497.12","SERTAD4",4.37658501315565e-05
"ENSG00000146094.15","DOK3",4.37983438674448e-05
"ENSG00000164458.10","TBXT",4.40140125170972e-05
"ENSG00000170802.16","FOXN2",4.42650958135738e-05
"ENSG00000213799.13","ZNF845",4.43332835350596e-05
"ENSG00000154451.14","GBP5",4.45951646655959e-05
"ENSG00000287080.2","H3C3",4.4771337101555e-05
"ENSG00000143344.16","RGL1",4.48503327824819e-05
"ENSG00000079246.16","XRCC5",4.50190557295184e-05
"ENSG00000101888.12","NXT2",4.52355205137436e-05
"ENSG00000116213.16","WRAP73",4.55393765856072e-05
"ENSG00000111321.11","LTBR",4.60998948427709e-05
"ENSG00000111110.12","PPM1H",4.62268269682208e-05
"ENSG00000284701.1","TMEM247",4.62593466557063e-05
"ENSG00000102804.15","TSC22D1",4.63728108152911e-05
"ENSG00000107611.16","CUBN",4.63788216740506e-05
"ENSG00000249709.8","ZNF564",4.66872723190761e-05
"ENSG00000169627.9","BOLA2B",4.66973990373404e-05
"ENSG00000126953.8","TIMM8A",4.68066025729391e-05
"ENSG00000196391.11","ZNF774",4.6881657653476e-05
"ENSG00000138346.15","DNA2",4.69354184889624e-05
"ENSG00000168056.17","LTBP3",4.70844563886226e-05
"ENSG00000189376.12","C8orf76",4.71395068248932e-05
"ENSG00000138185.20","ENTPD1",4.72005829316344e-05
"ENSG00000213030.5","CGB8",4.73239209510124e-05
"ENSG00000151651.16","ADAM8",4.75037436512051e-05
"ENSG00000132676.16","DAP3",4.79512004458478e-05
"ENSG00000146373.16","RNF217",4.79678600943456e-05
"ENSG00000156959.9","LHFPL4",4.83407184400112e-05
"ENSG00000136286.16","MYO1G",4.85668691256163e-05
"ENSG00000124260.12","MAGEA10",4.8570755863189e-05
"ENSG00000023608.5","SNAPC1",4.86430525152033e-05
"ENSG00000164694.17","FNDC1",4.88601190938596e-05
"ENSG00000073008.15","PVR",4.89934321132993e-05
"ENSG00000126215.14","XRCC3",4.89934321132993e-05
"ENSG00000137809.17","ITGA11",4.89934321132993e-05
"ENSG00000148300.12","REXO4",4.92732846791627e-05
"ENSG00000168329.14","CX3CR1",4.92732846791627e-05
"ENSG00000104164.12","BLOC1S6",4.93045043461832e-05
"ENSG00000093072.18","ADA2",4.98670879341021e-05
"ENSG00000141506.14","PIK3R5",5.01327104369583e-05
"ENSG00000138459.9","SLC35A5",5.04982999504487e-05
"ENSG00000181610.13","MRPS23",5.05268313819345e-05
"ENSG00000104626.15","ERI1",5.05272260819607e-05
"ENSG00000100968.14","NFATC4",5.05778170308003e-05
"ENSG00000115942.9","ORC2",5.0743613454423e-05
"ENSG00000158022.7","TRIM63",5.10962525197141e-05
"ENSG00000183324.11","REC114",5.11428917876043e-05
"ENSG00000132846.6","ZBED3",5.14507174188562e-05
"ENSG00000164764.11","SBSPON",5.15115059988528e-05
"ENSG00000081148.12","IMPG2",5.17173112660525e-05
"ENSG00000226792.7","C13orf42",5.17173112660525e-05
"ENSG00000186765.12","FSCN2",5.19549661526834e-05
"ENSG00000187268.12","FAM9C",5.20839841765415e-05
"ENSG00000196418.12","ZNF124",5.21358025997776e-05
"ENSG00000082512.15","TRAF5",5.21443301680786e-05
"ENSG00000167332.9","OR51E2",5.21443301680786e-05
"ENSG00000089248.7","ERP29",5.22890656267305e-05
"ENSG00000115484.15","CCT4",5.22890656267305e-05
"ENSG00000111653.20","ING4",5.23374682438658e-05
"ENSG00000104691.16","UBXN8",5.24209652538202e-05
"ENSG00000030110.13","BAK1",5.24503824383774e-05
"ENSG00000126705.15","AHDC1",5.26407800902468e-05
"ENSG00000128789.21","PSMG2",5.26407800902468e-05
"ENSG00000106591.4","MRPL32",5.29411885793427e-05
"ENSG00000187608.10","ISG15",5.29740663768081e-05
"ENSG00000075131.10","TIPIN",5.30135962016023e-05
"ENSG00000130811.12","EIF3G",5.30135962016023e-05
"ENSG00000181666.18","ZNF875",5.33905308849277e-05
"ENSG00000168615.13","ADAM9",5.36146517192788e-05
"ENSG00000135835.12","KIAA1614",5.37089223374062e-05
"ENSG00000161652.12","IZUMO2",5.37646753975234e-05
"ENSG00000166471.11","TMEM41B",5.38380858855722e-05
"ENSG00000169604.20","ANTXR1",5.39027438619335e-05
"ENSG00000112320.12","SOBP",5.39349879049029e-05
"ENSG00000083635.8","NUFIP1",5.40775963416893e-05
"ENSG00000186818.12","LILRB4",5.41598023047747e-05
"ENSG00000168757.12","TSPY2",5.41765305269066e-05
"ENSG00000105929.16","ATP6V0A4",5.43008559983008e-05
"ENSG00000162733.19","DDR2",5.43158427098951e-05
"ENSG00000130540.14","SULT4A1",5.43642537871765e-05
"ENSG00000136504.13","KAT7",5.47724668812791e-05
"ENSG00000124568.12","SLC17A1",5.47793325501028e-05
"ENSG00000153395.10","LPCAT1",5.48282577794845e-05
"ENSG00000147124.12","ZNF41",5.48660077988932e-05
"ENSG00000214944.9","ARHGEF28",5.49123532687047e-05
"ENSG00000075223.14","SEMA3C",5.51281842949961e-05
"ENSG00000237172.4","B3GNT9",5.56560058890633e-05
"ENSG00000138109.11","CYP2C9",5.57388258974813e-05
"ENSG00000162688.17","AGL",5.57752136109317e-05
"ENSG00000169594.13","BNC1",5.60197989900678e-05
"ENSG00000136709.12","WDR33",5.62919283289884e-05
"ENSG00000178074.6","C2orf69",5.62919283289884e-05
"ENSG00000147649.10","MTDH",5.65450932812032e-05
"ENSG00000125965.9","GDF5",5.66487136699949e-05
"ENSG00000135116.9","HRK",5.73772831724821e-05
"ENSG00000184220.12","CMSS1",5.73772831724821e-05
"ENSG00000147394.18","ZNF185",5.75572003706627e-05
"ENSG00000143194.13","MAEL",5.75628980888485e-05
"ENSG00000154556.18","SORBS2",5.75628980888485e-05
"ENSG00000047644.19","WWC3",5.75899679987556e-05
"ENSG00000148688.14","RPP30",5.75961185141558e-05
"ENSG00000181982.19","CCDC149",5.75961185141558e-05
"ENSG00000079150.18","FKBP7",5.76056914762633e-05
"ENSG00000185507.21","IRF7",5.7620582615264e-05
"ENSG00000085999.13","RAD54L",5.81586097448525e-05
"ENSG00000160193.12","WDR4",5.83781874682609e-05
"ENSG00000102900.13","NUP93",5.87999266567669e-05
"ENSG00000214160.10","ALG3",5.88207496025739e-05
"ENSG00000124212.6","PTGIS",5.9100681054059e-05
"ENSG00000143416.21","SELENBP1",5.9100681054059e-05
"ENSG00000164729.7","SLC35G3",5.9100681054059e-05
"ENSG00000115310.18","RTN4",5.91835587517224e-05
"ENSG00000144130.11","NT5DC4",5.91835587517224e-05
"ENSG00000120694.20","HSPH1",5.91871332785942e-05
"ENSG00000170633.16","RNF34",5.94135413292024e-05
"ENSG00000132561.14","MATN2",6.00726784782401e-05
"ENSG00000141542.11","RAB40B",6.01724773869866e-05
"ENSG00000178372.8","CALML5",6.0251556700605e-05
"ENSG00000119900.9","OGFRL1",6.09018690954624e-05
"ENSG00000132664.12","POLR3F",6.11371047976364e-05
"ENSG00000111077.18","TNS2",6.11913426396793e-05
"ENSG00000205639.12","MFSD2B",6.13509924523416e-05
"ENSG00000071462.12","BUD23",6.15020082564662e-05
"ENSG00000094804.12","CDC6",6.19362574079509e-05
"ENSG00000117400.18","MPL",6.21641444246823e-05
"ENSG00000152527.14","PLEKHH2",6.22919033503648e-05
"ENSG00000089505.18","CMTM1",6.23250759230483e-05
"ENSG00000100997.20","ABHD12",6.23250759230483e-05
"ENSG00000124575.7","H1-3",6.23250759230483e-05
"ENSG00000076003.5","MCM6",6.23438057532321e-05
"ENSG00000181722.17","ZBTB20",6.23438057532321e-05
"ENSG00000132963.8","POMP",6.25357086826695e-05
"ENSG00000142798.20","HSPG2",6.25357086826695e-05
"ENSG00000146826.17","MAP11",6.26141824210782e-05
"ENSG00000180644.8","PRF1",6.29680386261413e-05
"ENSG00000176024.18","ZNF613",6.30314456478683e-05
"ENSG00000188895.12","MSL1",6.30314456478683e-05
"ENSG00000198832.10","SELENOM",6.31663709333479e-05
"ENSG00000109794.13","FAM149A",6.33570538064948e-05
"ENSG00000134291.12","TMEM106C",6.36042122581524e-05
"ENSG00000070882.13","OSBPL3",6.36441501640867e-05
"ENSG00000237190.4","CDKN2AIPNL",6.36441501640867e-05
"ENSG00000166997.8","CNPY4",6.38449907019692e-05
"ENSG00000167601.12","AXL",6.38449907019692e-05
"ENSG00000109686.19","SH3D19",6.39293215325465e-05
"ENSG00000111817.19","DSE",6.39293215325465e-05
"ENSG00000076944.16","STXBP2",6.39327826890824e-05
"ENSG00000128383.13","APOBEC3A",6.39327826890824e-05
"ENSG00000151746.15","BICD1",6.41792090842227e-05
"ENSG00000143476.18","DTL",6.42038540898581e-05
"ENSG00000150054.18","MPP7",6.42038540898581e-05
"ENSG00000174004.6","NRROS",6.45364383740445e-05
"ENSG00000109832.14","DDX25",6.45904788957088e-05
"ENSG00000233056.3","ERVH48-1",6.48522289859563e-05
"ENSG00000103042.9","SLC38A7",6.51698536679957e-05
"ENSG00000136942.15","RPL35",6.51698536679957e-05
"ENSG00000071539.14","TRIP13",6.52389524127416e-05
"ENSG00000158639.13","PAGE5",6.52389524127416e-05
"ENSG00000162783.11","IER5",6.52389524127416e-05
"ENSG00000198793.13","MTOR",6.52389524127416e-05
"ENSG00000242498.8","ARPIN",6.52389524127416e-05
"ENSG00000131242.18","RAB11FIP4",6.53084912169622e-05
"ENSG00000149636.16","DSN1",6.53084912169622e-05
"ENSG00000135119.15","RNFT2",6.53322673514022e-05
"ENSG00000188916.9","INSYN2A",6.5332667270985e-05
"ENSG00000005100.13","DHX33",6.55313544409175e-05
"ENSG00000138336.9","TET1",6.5536638764108e-05
"ENSG00000135486.19","HNRNPA1",6.59675451480416e-05
"ENSG00000167554.15","ZNF610",6.60475536090958e-05
"ENSG00000135424.18","ITGA7",6.62691682274413e-05
"ENSG00000241685.10","ARPC1A",6.73948332569844e-05
"ENSG00000073536.18","NLE1",6.81325101710438e-05
"ENSG00000107937.19","GTPBP4",6.86054806074903e-05
"ENSG00000113643.9","RARS1",6.88462893506776e-05
"ENSG00000178997.11","EXD1",6.91930913831808e-05
"ENSG00000164611.13","PTTG1",6.93531982489187e-05
"ENSG00000144395.18","CCDC150",6.93847012136748e-05
"ENSG00000171109.19","MFN1",6.95954638865795e-05
"ENSG00000043591.6","ADRB1",6.9604022946666e-05
"ENSG00000130054.5","FAM155B",6.96702972325384e-05
"ENSG00000164162.14","ANAPC10",6.97756316376256e-05
"ENSG00000213593.10","TMX2",6.99682854301704e-05
"ENSG00000105669.14","COPE",7.02523256605755e-05
"ENSG00000286095.1","SPEGNB",7.04568413737444e-05
"ENSG00000164934.14","DCAF13",7.04615992097613e-05
"ENSG00000171126.8","KCNG3",7.06030249483297e-05
"ENSG00000246922.9","UBAP1L",7.07118085087649e-05
"ENSG00000179826.7","MRGPRX3",7.08775191096164e-05
"ENSG00000168216.13","LMBRD1",7.09885357300723e-05
"ENSG00000115607.9","IL18RAP",7.16478836199793e-05
"ENSG00000182568.17","SATB1",7.16478836199793e-05
"ENSG00000116016.14","EPAS1",7.16911855894642e-05
"ENSG00000112837.17","TBX18",7.20455688152036e-05
"ENSG00000168918.14","INPP5D",7.20455688152036e-05
"ENSG00000138095.19","LRPPRC",7.20793222678993e-05
"ENSG00000135378.4","PRRG4",7.21465370109585e-05
"ENSG00000164620.9","RELL2",7.21523600967638e-05
"ENSG00000183283.16","DAZAP2",7.26453610896523e-05
"ENSG00000153823.19","PID1",7.28146408719177e-05
"ENSG00000159212.13","CLIC6",7.2933257679483e-05
"ENSG00000071967.12","CYBRD1",7.31632954933514e-05
"ENSG00000160908.15","ZNF394",7.31632954933514e-05
"ENSG00000196711.9","ALKAL1",7.31632954933514e-05
"ENSG00000100453.13","GZMB",7.38338768807641e-05
"ENSG00000154473.18","BUB3",7.45448854231009e-05
"ENSG00000280670.3","CCDC163",7.55495453693461e-05
"ENSG00000135940.7","COX5B",7.56421058500517e-05
"ENSG00000196550.10","FAM72A",7.56421058500517e-05
"ENSG00000079616.13","KIF22",7.5665897194692e-05
"ENSG00000152234.16","ATP5F1A",7.57013829009334e-05
"ENSG00000178878.13","APOLD1",7.6049407699087e-05
"ENSG00000089685.15","BIRC5",7.69765972457167e-05
"ENSG00000100298.16","APOBEC3H",7.70812026480269e-05
"ENSG00000177694.16","NAALADL2",7.72521216588763e-05
"ENSG00000140365.16","COMMD4",7.73155200975046e-05
"ENSG00000204219.11","TCEA3",7.73155200975046e-05
"ENSG00000103723.16","AP3B2",7.78538029373568e-05
"ENSG00000142945.13","KIF2C",7.78538029373568e-05
"ENSG00000053372.5","MRTO4",7.79575730608611e-05
"ENSG00000184898.7","RBM43",7.79575730608611e-05
"ENSG00000007038.11","PRSS21",7.81154677630001e-05
"ENSG00000135334.9","AKIRIN2",7.87664101650809e-05
"ENSG00000258484.4","SPESP1",7.87664101650809e-05
"ENSG00000204086.4","RPA4",7.88290132403708e-05
"ENSG00000214929.4","SPATA31D1",7.88302591473767e-05
"ENSG00000239672.8","NME1",7.90218579125135e-05
"ENSG00000136940.14","PDCL",7.96917066691501e-05
"ENSG00000180044.5","C3orf80",8.05219609836902e-05
"ENSG00000112186.12","CAP2",8.05478961674031e-05
"ENSG00000087302.9","RTRAF",8.09226118346543e-05
"ENSG00000124786.12","SLC35B3",8.11248326164547e-05
"ENSG00000164535.15","DAGLB",8.11248326164547e-05
"ENSG00000159352.16","PSMD4",8.1141692707018e-05
"ENSG00000104826.15","LHB",8.16686655258805e-05
"ENSG00000113430.10","IRX4",8.16733577564273e-05
"ENSG00000085982.14","USP40",8.17198292722244e-05
"ENSG00000144029.12","MRPS5",8.19011294515837e-05
"ENSG00000182636.8","NDN",8.19011294515837e-05
"ENSG00000187994.14","RINL",8.19011294515837e-05
"ENSG00000119280.17","C1orf198",8.19216846636982e-05
"ENSG00000109099.16","PMP22",8.216110790254e-05
"ENSG00000160862.13","AZGP1",8.216110790254e-05
"ENSG00000165509.13","MAGEC3",8.2237666596379e-05
"ENSG00000182183.15","SHISAL2A",8.2237666596379e-05
"ENSG00000141232.5","TOB1",8.23958385119388e-05
"ENSG00000112312.10","GMNN",8.24575019713656e-05
"ENSG00000196821.10","ILRUN",8.2624970997857e-05
"ENSG00000119681.12","LTBP2",8.275480268692e-05
"ENSG00000162909.18","CAPN2",8.31669495537319e-05
"ENSG00000171503.12","ETFDH",8.32610307685502e-05
"ENSG00000084093.19","REST",8.34734183307699e-05
"ENSG00000204160.12","ZDHHC18",8.36017638057767e-05
"ENSG00000147202.18","DIAPH2",8.39041847742342e-05
"ENSG00000198513.13","ATL1",8.39041847742342e-05
"ENSG00000102891.4","MT4",8.40240617007882e-05
"ENSG00000071282.12","LMCD1",8.41627802412351e-05
"ENSG00000170801.10","HTRA3",8.47101746100097e-05
"ENSG00000163170.12","BOLA3",8.56084103542713e-05
"ENSG00000115461.5","IGFBP5",8.57737451168783e-05
"ENSG00000145332.14","KLHL8",8.57737451168783e-05
"ENSG00000197903.8","H2BC12",8.5997641366879e-05
"ENSG00000185798.8","WDR53",8.61042163585161e-05
"ENSG00000103121.9","CMC2",8.62594041396477e-05
"ENSG00000154269.15","ENPP3",8.62596063417388e-05
"ENSG00000213366.13","GSTM2",8.63969376848838e-05
"ENSG00000104375.17","STK3",8.6811003502944e-05
"ENSG00000008441.18","NFIX",8.70406440774736e-05
"ENSG00000105229.7","PIAS4",8.7048326887084e-05
"ENSG00000106785.15","TRIM14",8.7048326887084e-05
"ENSG00000043039.7","BARX2",8.72405818550489e-05
"ENSG00000164692.18","COL1A2",8.72831858740324e-05
"ENSG00000146109.5","ABT1",8.77181258553238e-05
"ENSG00000100591.8","AHSA1",8.83172498706642e-05
"ENSG00000178234.13","GALNT11",8.83447498615721e-05
"ENSG00000171056.8","SOX7",8.8478084777394e-05
"ENSG00000183155.5","RABIF",8.8613339538989e-05
"ENSG00000013810.20","TACC3",8.86680015521407e-05
"ENSG00000197769.6","MAP1LC3C",8.86923802530548e-05
"ENSG00000142173.16","COL6A2",8.87875485299815e-05
"ENSG00000188389.11","PDCD1",8.87875485299815e-05
"ENSG00000130305.17","NSUN5",8.97142068861751e-05
"ENSG00000168487.20","BMP1",9.02253794596433e-05
"ENSG00000169762.17","TAPT1",9.02253794596433e-05
"ENSG00000188130.14","MAPK12",9.02253794596433e-05
"ENSG00000198131.14","ZNF544",9.02253794596433e-05
"ENSG00000125743.10","SNRPD2",9.04732712814138e-05
"ENSG00000069535.14","MAOB",9.06918917351712e-05
"ENSG00000168807.16","SNTB2",9.07958174933806e-05
"ENSG00000108424.11","KPNB1",9.08466789102369e-05
"ENSG00000127191.18","TRAF2",9.1309541914735e-05
"ENSG00000197360.9","ZNF98",9.19249435763785e-05
"ENSG00000165949.12","IFI27",9.22719338671098e-05
"ENSG00000153086.14","ACMSD",9.24328738944477e-05
"ENSG00000110934.13","BIN2",9.26475757652898e-05
"ENSG00000066923.17","STAG3",9.28605594546674e-05
"ENSG00000163938.17","GNL3",9.2982188499649e-05
"ENSG00000100601.10","ALKBH1",9.33614539011142e-05
"ENSG00000189221.10","MAOA",9.39209034399438e-05
"ENSG00000106034.18","CPED1",9.40347227592278e-05
"ENSG00000204866.8","IGFL2",9.44038731008022e-05
"ENSG00000110318.15","CEP126",9.4756602477122e-05
"ENSG00000116667.15","C1orf21",9.51668506385823e-05
"ENSG00000103489.12","XYLT1",9.58115204526504e-05
"ENSG00000137055.15","PLAA",9.61165584394707e-05
"ENSG00000124532.15","MRS2",9.64900704775866e-05
"ENSG00000089639.11","GMIP",9.67194811779548e-05
"ENSG00000145979.18","TBC1D7",9.69860131336653e-05
"ENSG00000188817.8","SNTN",9.7047690075789e-05
"ENSG00000164520.11","RAET1E",9.70951248232971e-05
"ENSG00000049656.14","CLPTM1L",9.74470894021326e-05
"ENSG00000112977.16","DAP",9.74745212360563e-05
"ENSG00000170638.10","TRABD",9.77905099450678e-05
"ENSG00000134717.18","BTF3L4",9.7842983797124e-05
"ENSG00000145743.17","FBXL17",9.79279741488772e-05
"ENSG00000141076.18","UTP4",9.79591496656996e-05
"ENSG00000178921.14","PFAS",9.81595372593383e-05
"ENSG00000174307.7","PHLDA3",9.83935472697129e-05
"ENSG00000148303.17","RPL7A",9.84241187197276e-05
"ENSG00000116514.17","RNF19B",9.87808215039836e-05
"ENSG00000050165.18","DKK3",9.90932912189919e-05
"ENSG00000226372.4","DCAF8L1",9.92539633524954e-05
"ENSG00000162493.16","PDPN",9.96082472425867e-05
"ENSG00000100982.12","PCIF1",9.96882080561443e-05
"ENSG00000268629.8","TEX13A",0.000100106100832952
"ENSG00000234068.7","PAGE2",0.000100239584981205
"ENSG00000163029.16","SMC6",0.00010028683340386
"ENSG00000198355.5","PIM3",0.00010028683340386
"ENSG00000105821.15","DNAJC2",0.000100693716657484
"ENSG00000173660.12","UQCRH",0.00010072096025152
"ENSG00000105700.11","KXD1",0.000101353446019647
"ENSG00000143119.14","CD53",0.000101460030607501
"ENSG00000159596.7","TMEM69",0.000101470029378302
"ENSG00000039560.14","RAI14",0.000102126633530702
"ENSG00000120215.10","MLANA",0.000102126633530702
"ENSG00000159593.15","NAE1",0.000102126633530702
"ENSG00000163864.17","NMNAT3",0.000102126633530702
"ENSG00000170925.3","TEX13B",0.000102475904044996
"ENSG00000121390.19","PSPC1",0.000102716783755978
"ENSG00000169218.14","RSPO1",0.000103217261152431
"ENSG00000080845.18","DLGAP4",0.000103454662035426
"ENSG00000149294.17","NCAM1",0.000103454662035426
"ENSG00000128791.12","TWSG1",0.000103467590914255
"ENSG00000118094.12","TREH",0.000104388592600055
"ENSG00000131435.13","PDLIM4",0.000105017423235357
"ENSG00000181938.14","GINS3",0.00010509884323428
"ENSG00000103335.22","PIEZO1",0.000105114419726175
"ENSG00000118939.18","UCHL3",0.000105237511065871
"ENSG00000103429.11","BFAR",0.000105237859158426
"ENSG00000144218.19","AFF3",0.000105426511041565
"ENSG00000088038.19","CNOT3",0.000105565368552999
"ENSG00000187764.11","SEMA4D",0.000105565368552999
"ENSG00000144306.15","SCRN3",0.000105731478091485
"ENSG00000018236.15","CNTN1",0.000106565882542536
"ENSG00000143869.7","GDF7",0.000106565882542536
"ENSG00000164163.11","ABCE1",0.000106565882542536
"ENSG00000173674.11","EIF1AX",0.000106565882542536
"ENSG00000131773.14","KHDRBS3",0.000106756056054142
"ENSG00000121486.12","TRMT1L",0.000107012420421555
"ENSG00000145649.8","GZMA",0.000107012420421555
"ENSG00000128040.11","SPINK2",0.000107567270903681
"ENSG00000144659.13","SLC25A38",0.000107567270903681
"ENSG00000173848.19","NET1",0.000107567270903681
"ENSG00000125755.19","SYMPK",0.000107845541787664
"ENSG00000188732.11","FAM221A",0.000107868544440452
"ENSG00000111229.16","ARPC3",0.000108232556137707
"ENSG00000123636.18","BAZ2B",0.000108711012497706
"ENSG00000185630.19","PBX1",0.000108960788466507
"ENSG00000116030.17","SUMO1",0.000109017039619475
"ENSG00000159961.2","OR3A3",0.000109410202173932
"ENSG00000131467.11","PSME3",0.00010974282388472
"ENSG00000186141.9","POLR3C",0.000109758712676242
"ENSG00000176393.11","RNPEP",0.000109881957860518
"ENSG00000179673.5","RPRML",0.000109983984777231
"ENSG00000079462.8","PAFAH1B3",0.0001104787320815
"ENSG00000242110.8","AMACR",0.000110533300827665
"ENSG00000101346.14","POFUT1",0.000110982382548448
"ENSG00000121594.12","CD80",0.000111183209741365
"ENSG00000120699.13","EXOSC8",0.00011216518553046
"ENSG00000138674.17","SEC31A",0.00011216518553046
"ENSG00000112242.15","E2F3",0.000112497994333168
"ENSG00000185298.13","CCDC137",0.00011272507932798
"ENSG00000092200.12","RPGRIP1",0.00011288046660416
"ENSG00000148606.13","POLR3A",0.000112905469899307
"ENSG00000138814.17","PPP3CA",0.00011342895434065
"ENSG00000131871.15","SELENOS",0.000113544133963507
"ENSG00000121039.10","RDH10",0.000114391384564937
"ENSG00000085840.13","ORC1",0.000114869113500308
"ENSG00000134697.13","GNL2",0.000115271319613724
"ENSG00000108829.10","LRRC59",0.000115356664157981
"ENSG00000053254.16","FOXN3",0.000115723941047693
"ENSG00000278023.7","RDM1",0.000116089197460653
"ENSG00000117395.13","EBNA1BP2",0.000116562981690221
"ENSG00000136010.14","ALDH1L2",0.000116924107160577
"ENSG00000005889.16","ZFX",0.000117533926664127
"ENSG00000224420.3","ADM5",0.000117829084606301
"ENSG00000049618.24","ARID1B",0.000118341540592712
"ENSG00000265354.4","TIMM23",0.000118508957546708
"ENSG00000171819.5","ANGPTL7",0.000118570017482298
"ENSG00000039139.9","DNAH5",0.000118843990889187
"ENSG00000147155.11","EBP",0.000119190952526556
"ENSG00000134504.14","KCTD1",0.000120129019239482
"ENSG00000168003.17","SLC3A2",0.000120383306905678
"ENSG00000223802.8","CERS1",0.000120383306905678
"ENSG00000050438.17","SLC4A8",0.000120433957200948
"ENSG00000085276.19","MECOM",0.000121609148864249
"ENSG00000156299.13","TIAM1",0.000121609148864249
"ENSG00000180233.11","ZNRF2",0.000121609148864249
"ENSG00000170485.17","NPAS2",0.000121681782383554
"ENSG00000155329.12","ZCCHC10",0.000122181890163836
"ENSG00000196576.15","PLXNB2",0.000122362175475454
"ENSG00000065328.17","MCM10",0.000122936762350291
"ENSG00000148175.13","STOM",0.000123330134113937
"ENSG00000005243.10","COPZ2",0.000123500721184634
"ENSG00000123505.19","AMD1",0.000123642434475302
"ENSG00000152580.8","IGSF10",0.000123642434475302
"ENSG00000172915.18","NBEA",0.000124042433641006
"ENSG00000120805.14","ARL1",0.000124109747385431
"ENSG00000189182.10","KRT77",0.000125226776063588
"ENSG00000181472.5","ZBTB2",0.00012539975316605
"ENSG00000151689.13","INPP1",0.000125522584946272
"ENSG00000153310.19","CYRIB",0.0001259942473397
"ENSG00000112584.14","FAM120B",0.000126603370595873
"ENSG00000079313.15","REXO1",0.000127583610480326
"ENSG00000185272.14","RBM11",0.000128771185437291
"ENSG00000122707.12","RECK",0.000128925630195302
"ENSG00000135407.10","AVIL",0.000129666581204206
"ENSG00000148835.11","TAF5",0.000129777631609242
"ENSG00000250374.4","TRIM75P",0.000129857027817498
"ENSG00000143153.13","ATP1B1",0.000130224233642717
"ENSG00000004864.14","SLC25A13",0.000130305282103783
"ENSG00000187116.14","LILRA5",0.000130351089182858
"ENSG00000126231.15","PROZ",0.000130356418642199
"ENSG00000196150.14","ZNF250",0.000130377973239026
"ENSG00000061455.11","PRDM6",0.000130581323182101
"ENSG00000102910.14","LONP2",0.000130772819984211
"ENSG00000125885.13","MCM8",0.000131077167152243
"ENSG00000187961.14","KLHL17",0.000132089592523259
"ENSG00000213859.7","KCTD11",0.000132487182530658
"ENSG00000185561.10","TLCD2",0.000133359685213439
"ENSG00000154611.15","PSMA8",0.000133763550749881
"ENSG00000138376.11","BARD1",0.000134022691398257
"ENSG00000143033.18","MTF2",0.000134058976897474
"ENSG00000163902.12","RPN1",0.000134635859219921
"ENSG00000076924.12","XAB2",0.000134885703915456
"ENSG00000175352.11","NRIP3",0.000134885703915456
"ENSG00000151135.10","TMEM263",0.000135184455979134
"ENSG00000166033.13","HTRA1",0.000135609262177313
"ENSG00000167840.13","ZNF232",0.000135914732248864
"ENSG00000187210.14","GCNT1",0.000136156761870012
"ENSG00000164122.9","ASB5",0.000136331997427305
"ENSG00000176454.14","LPCAT4",0.000136553700376382
"ENSG00000161980.6","POLR3K",0.000137379967336534
"ENSG00000105675.9","ATP4A",0.000137462356004982
"ENSG00000112769.20","LAMA4",0.000138277120612257
"ENSG00000143409.15","MINDY1",0.000138781216709762
"ENSG00000012963.15","UBR7",0.000139552964839249
"ENSG00000160856.21","FCRL3",0.000140062742240468
"ENSG00000078053.17","AMPH",0.000140402826533298
"ENSG00000262406.3","MMP12",0.000141025988087159
"ENSG00000100219.16","XBP1",0.00014108612335033
"ENSG00000063177.13","RPL18",0.000141131394407754
"ENSG00000182902.14","SLC25A18",0.000141988439585098
"ENSG00000153802.12","TMPRSS11D",0.000142116826254796
"ENSG00000138381.10","ASNSD1",0.000142365465564822
"ENSG00000184182.19","UBE2F",0.000142452889499587
"ENSG00000151692.15","RNF144A",0.000142761098389517
"ENSG00000108883.13","EFTUD2",0.000142844966131434
"ENSG00000112159.12","MDN1",0.000142844966131434
"ENSG00000135763.10","URB2",0.000142844966131434
"ENSG00000167114.13","SLC27A4",0.000143226325859659
"ENSG00000130066.16","SAT1",0.000144084150798122
"ENSG00000232810.4","TNF",0.000144369436772374
"ENSG00000129932.10","DOHH",0.000144680452437628
"ENSG00000165102.15","HGSNAT",0.00014472685029956
"ENSG00000186318.16","BACE1",0.000144941039351411
"ENSG00000100092.24","SH3BP1",0.00014500597901805
"ENSG00000163599.17","CTLA4",0.00014500597901805
"ENSG00000198417.7","MT1F",0.00014500597901805
"ENSG00000105341.19","DMAC2",0.000145014884515056
"ENSG00000163931.16","TKT",0.000145070462340238
"ENSG00000118762.8","PKD2",0.000145210365759001
"ENSG00000115504.15","EHBP1",0.000145659149926304
"ENSG00000180448.10","ARHGAP45",0.000145659149926304
"ENSG00000152256.14","PDK1",0.00014573471301355
"ENSG00000123179.14","EBPL",0.00014591301545659
"ENSG00000146070.17","PLA2G7",0.000146101527629298
"ENSG00000185947.15","ZNF267",0.000146498348110715
"ENSG00000169129.15","AFAP1L2",0.000146694278502804
"ENSG00000144331.20","ZNF385B",0.000147711532161388
"ENSG00000181192.12","DHTKD1",0.000147711532161388
"ENSG00000198056.15","PRIM1",0.000147734182638929
"ENSG00000073861.3","TBX21",0.000148342245732003
"ENSG00000102103.17","PQBP1",0.000148342245732003
"ENSG00000151612.18","ZNF827",0.00014842267392905
"ENSG00000276600.5","RAB7B",0.000148696323435249
"ENSG00000122140.11","MRPS2",0.000148759232297642
"ENSG00000169855.20","ROBO1",0.000148949517016344
"ENSG00000176101.12","SSNA1",0.000149131533849588
